"Hiragana","Kanji","English","Example","Translation","More"
"あう","会う","to meet","<ruby>明日<rt>あす</rt></ruby>、<ruby>友達<rt>ともだち</rt></ruby>と<ruby>渋谷<rt>しぶや</rt></ruby>で<ruby>会う<rt>あう</rt></ruby><ruby>約束<rt>やくそく</rt></ruby>があります。<ruby>一緒<rt>いっしょ</rt></ruby>に<ruby>映画<rt>えーが</rt></ruby>を<ruby>見<rt>み</rt></ruby>て、<ruby>晩ご飯<rt>ばんごはん</rt></ruby>を<ruby>食べる<rt>たべる</rt></ruby>つもりです。","I have a plan to meet my friend in Shibuya tomorrow. We are going to watch a movie together and have dinner.","<ruby>友達<rt>ともだち</rt></ruby>に<ruby>会い<rt>あい</rt></ruby>ます -- meet a friend;<br> <ruby>先生<rt>せんせー</rt></ruby>に<ruby>会い<rt>あい</rt></ruby>ます -- meet a teacher"
"あける","開ける","to open","<ruby>朝<rt>あさ</rt></ruby>、<ruby>窓<rt>まど</rt></ruby>を<ruby>開ける<rt>あける</rt></ruby>と、<ruby>気持ち<rt>きもち</rt></ruby>の<ruby>良い<rt>よい</rt></ruby><ruby>風<rt>かぜ</rt></ruby>が<ruby>入っ<rt>はいっ</rt></ruby>てきました。<ruby>鳥<rt>とり</rt></ruby>のさえずりも<ruby>聞こえ<rt>きこえ</rt></ruby>て、<ruby>一<rt>いち</rt></ruby><ruby>日<rt>にち</rt></ruby>が<ruby>始まり<rt>はじまり</rt></ruby>ました。","When I opened the window in the morning, a pleasant breeze came in. I could also hear the chirping of birds, and the day began.","ドアを<ruby>開け<rt>あけ</rt></ruby>ます -- open the door;<br> <ruby>窓<rt>まど</rt></ruby>を<ruby>開け<rt>あけ</rt></ruby>ます -- open the window"
"あげる","","to give","<ruby>誕生<rt>たんじょー</rt></ruby><ruby>日<rt>ひ</rt></ruby>に、<ruby>母<rt>はは</rt></ruby>は<ruby>私<rt>わたくし</rt></ruby>に<ruby>新しい<rt>あたらしー</rt></ruby>スマートフォンをあげました。とても<ruby>嬉しく<rt>うれしく</rt></ruby>て、<ruby>感謝<rt>かんしゃ</rt></ruby>の<ruby>気持ち<rt>きもち</rt></ruby>でいっぱいです。","For my birthday, my mother gave me a new smartphone. I am very happy and full of gratitude.","<ruby>友達<rt>ともだち</rt></ruby>にプレゼントをあげます -- give a present to a friend;<br> <ruby>先生<rt>せんせー</rt></ruby>に<ruby>手紙<rt>てがみ</rt></ruby>をあげます -- give a letter to the teacher"
"あそぶ","遊ぶ","to play, to socialize","<ruby>週末<rt>しゅーまつ</rt></ruby>は、<ruby>公園<rt>こーえん</rt></ruby>で<ruby>子供<rt>こども</rt></ruby>たちと<ruby>遊ぶ<rt>あそぶ</rt></ruby>のが<ruby>好き<rt>すき</rt></ruby>です。<ruby>一緒<rt>いっしょ</rt></ruby>にボールを<ruby>蹴っ<rt>けっ</rt></ruby>たり、<ruby>鬼ごっこ<rt>おにごっこ</rt></ruby>をしたりして、<ruby>楽しい<rt>たのしー</rt></ruby><ruby>時間<rt>じかん</rt></ruby>を<ruby>過ごし<rt>すごし</rt></ruby>ます。","I like to play with my children in the park on weekends. We have fun kicking a ball together and playing tag.","<ruby>友達<rt>ともだち</rt></ruby>と<ruby>遊び<rt>あそび</rt></ruby>ます -- play with friends;<br> <ruby>公園<rt>こーえん</rt></ruby>で<ruby>遊び<rt>あそび</rt></ruby>ます -- play at the park"
"あつまる","集まる","to assemble","<ruby>毎週<rt>まいしゅー</rt></ruby><ruby>土曜<rt>どよー</rt></ruby><ruby>日<rt>ひ</rt></ruby>の<ruby>夜<rt>よる</rt></ruby>、<ruby>友達<rt>ともだち</rt></ruby>が<ruby>私<rt>わたくし</rt></ruby>の<ruby>家<rt>いえ</rt></ruby>に<ruby>集まっ<rt>あつまっ</rt></ruby>て、ゲームをしたり、おしゃべりをしたりします。とても<ruby>楽しい<rt>たのしー</rt></ruby>です。","Every Saturday night, my friends gather at my house to play games and chat. It's a lot of fun.","<ruby>人<rt>ひと</rt></ruby>が<ruby>集まり<rt>あつまり</rt></ruby>ます -- people gather;<br> <ruby>会議<rt>かいぎ</rt></ruby><ruby>室<rt>しつ</rt></ruby>に<ruby>集まり<rt>あつまり</rt></ruby>ます -- gather in the meeting room"
"あつめる","集める","to collect","<ruby>子供<rt>こども</rt></ruby>の<ruby>頃<rt>ころ</rt></ruby>、<ruby>切手<rt>きって</rt></ruby>を<ruby>集める<rt>あつめる</rt></ruby>のが<ruby>好き<rt>すき</rt></ruby>でした。<ruby>色々<rt>いろいろ</rt></ruby>な<ruby>国<rt>くに</rt></ruby>の<ruby>切手<rt>きって</rt></ruby>があって、とても<ruby>面白かっ<rt>おもしろかっ</rt></ruby>たです。","When I was a child, I liked to collect stamps. There were stamps from various countries, and it was very interesting.","<ruby>切手<rt>きって</rt></ruby>を<ruby>集め<rt>あつめ</rt></ruby>ます -- collect stamps;<br> ゴミを<ruby>集め<rt>あつめ</rt></ruby>ます -- collect trash"
"あらう","洗う","to wash","<ruby>食事<rt>しょくじ</rt></ruby>の<ruby>後<rt>あと</rt></ruby>は、いつも<ruby>自分<rt>じぶん</rt></ruby>で<ruby>食器<rt>しょっき</rt></ruby>を<ruby>洗い<rt>あらい</rt></ruby>ます。<ruby>綺麗<rt>きれー</rt></ruby>になると<ruby>気持ち<rt>きもち</rt></ruby>が<ruby>良い<rt>よい</rt></ruby>です。","After meals, I always wash the dishes myself. It feels good when they are clean.","<ruby>手<rt>て</rt></ruby>を<ruby>洗い<rt>あらい</rt></ruby>ます -- wash hands;<br> <ruby>車<rt>くるま</rt></ruby>を<ruby>洗い<rt>あらい</rt></ruby>ます -- wash the car"
"ある","","to be, to exist","<ruby>私<rt>わたくし</rt></ruby>の<ruby>部屋<rt>へや</rt></ruby>には、たくさんの<ruby>本<rt>ほん</rt></ruby>があります。<ruby>小説<rt>しょーせつ</rt></ruby>や<ruby>漫画<rt>まんが</rt></ruby>、<ruby>参考<rt>さんこー</rt></ruby><ruby>書<rt>しょ</rt></ruby>など、<ruby>色々<rt>いろいろ</rt></ruby>な<ruby>種類<rt>しゅるい</rt></ruby>があります。","There are many books in my room. There are various types, such as novels, manga, and textbooks.","<ruby>本<rt>ほん</rt></ruby>があります -- there is a book;<br> <ruby>机<rt>つくえ</rt></ruby>の<ruby>上<rt>うえ</rt></ruby>に<ruby>本<rt>ほん</rt></ruby>があります -- there is a book on the desk"
"あるく","歩く","to walk","<ruby>毎日<rt>まいにち</rt></ruby>、<ruby>会社<rt>かいしゃ</rt></ruby>まで<ruby>歩い<rt>あるい</rt></ruby>て<ruby>行き<rt>いき</rt></ruby>ます。<ruby>運動<rt>うんどー</rt></ruby>になるし、<ruby>景色<rt>けしき</rt></ruby>を<ruby>見る<rt>みる</rt></ruby>のも<ruby>楽しい<rt>たのしー</rt></ruby>です。","I walk to work every day. It's good exercise and I enjoy seeing the scenery.","<ruby>公園<rt>こーえん</rt></ruby>を<ruby>歩き<rt>あるき</rt></ruby>ます -- walk in the park;<br> <ruby>毎日<rt>まいにち</rt></ruby><ruby>歩き<rt>あるき</rt></ruby>ます -- walk every day"
"いう","言う","to say","<ruby>先生<rt>せんせー</rt></ruby>は、<ruby>授業<rt>じゅぎょー</rt></ruby><ruby>中<rt>ちゅー</rt></ruby>に<ruby>分から<rt>わから</rt></ruby>ないことがあれば、<ruby>遠慮<rt>えんりょ</rt></ruby>せずに<ruby>言っ<rt>いっ</rt></ruby>てくださいと<ruby>言い<rt>いー</rt></ruby>ました。","The teacher said that if we don't understand something during class, please don't hesitate to say so.","<ruby>挨拶<rt>あいさつ</rt></ruby>を<ruby>言い<rt>いー</rt></ruby>ます -- say hello;<br> <ruby>自己<rt>じこ</rt></ruby><ruby>紹介<rt>しょーかい</rt></ruby>を<ruby>言い<rt>いー</rt></ruby>ます -- say self introduction"
"いく","行く","to go","<ruby>来月<rt>らいげつ</rt></ruby>、<ruby>京都<rt>きょーと</rt></ruby>へ<ruby>旅行<rt>りょこー</rt></ruby>に<ruby>行く<rt>いく</rt></ruby><ruby>予定<rt>よてー</rt></ruby>です。<ruby>美味しい<rt>おいしー</rt></ruby>ものをたくさん<ruby>食べ<rt>たべ</rt></ruby>たり、<ruby>有名<rt>ゆーめー</rt></ruby>な<ruby>場所<rt>ばしょ</rt></ruby>を<ruby>見<rt>み</rt></ruby>たりするのが<ruby>楽しみ<rt>たのしみ</rt></ruby>です。","I am planning to go on a trip to Kyoto next month. I am looking forward to eating a lot of delicious food and seeing famous places.","<ruby>学校<rt>がっこー</rt></ruby>へ<ruby>行き<rt>いき</rt></ruby>ます -- go to school;<br> <ruby>旅行<rt>りょこー</rt></ruby>に<ruby>行き<rt>いき</rt></ruby>ます -- go on a trip"
"いそぐ","急ぐ","to hurry","<ruby>朝<rt>あさ</rt></ruby>、<ruby>寝坊<rt>ねぼー</rt></ruby>してしまったので、<ruby>学校<rt>がっこー</rt></ruby>へ<ruby>行く<rt>いく</rt></ruby>のを<ruby>急ぎ<rt>いそぎ</rt></ruby>ました。<ruby>遅刻<rt>ちこく</rt></ruby>しそうでした。","I overslept this morning, so I hurried to go to school. I was almost late.","<ruby>急い<rt>いそい</rt></ruby>で<ruby>学校<rt>がっこー</rt></ruby>へ<ruby>行き<rt>いき</rt></ruby>ます -- hurry to go to school;<br> <ruby>急い<rt>いそい</rt></ruby>で<ruby>仕事<rt>しごと</rt></ruby>を<ruby>終わら<rt>おわら</rt></ruby>せます -- hurry to finish work"
"いる","","to be, to exist","<ruby>冷蔵<rt>れーぞー</rt></ruby><ruby>庫<rt>こ</rt></ruby>の<ruby>中<rt>なか</rt></ruby>に、<ruby>卵<rt>たまご</rt></ruby>と<ruby>牛乳<rt>ぎゅーにゅー</rt></ruby>とチーズがあります。これで<ruby>朝ご飯<rt>あさごはん</rt></ruby>を<ruby>作る<rt>つくる</rt></ruby>ことができます。","There are eggs, milk, and cheese in the refrigerator. I can make breakfast with these.","<ruby>猫<rt>ねこ</rt></ruby>がいます -- there is a cat;<br> <ruby>部屋<rt>へや</rt></ruby>に<ruby>猫<rt>ねこ</rt></ruby>がいます -- there is a cat in the room"
"いれる","入れる","to put in","コーヒーに<ruby>砂糖<rt>さとー</rt></ruby>とミルクを<ruby>入れ<rt>いれ</rt></ruby>ます。<ruby>甘く<rt>あまく</rt></ruby>て<ruby>美味しい<rt>おいしー</rt></ruby>コーヒーが<ruby>好き<rt>すき</rt></ruby>です。","I put sugar and milk in my coffee. I like sweet and delicious coffee.","コーヒーに<ruby>砂糖<rt>さとー</rt></ruby>を<ruby>入れ<rt>いれ</rt></ruby>ます -- put sugar in coffee;<br> カバンに<ruby>本<rt>ほん</rt></ruby>を<ruby>入れ<rt>いれ</rt></ruby>ます -- put a book in a bag"
"うごく","動く","to move","この<ruby>古い<rt>ふるい</rt></ruby><ruby>時計<rt>とけー</rt></ruby>は、もう<ruby>動き<rt>うごき</rt></ruby>ません。<ruby>新しい<rt>あたらしー</rt></ruby><ruby>電池<rt>でんち</rt></ruby>が<ruby>必要<rt>ひつよー</rt></ruby>かもしれません。","This old clock doesn't move anymore. It might need a new battery.","<ruby>車<rt>くるま</rt></ruby>が<ruby>動き<rt>うごき</rt></ruby>ます -- the car moves;<br> <ruby>体<rt>からだ</rt></ruby>を<ruby>動かし<rt>うごかし</rt></ruby>ます -- move the body"
"うたう","歌う","to sing","カラオケで、<ruby>好き<rt>すき</rt></ruby>な<ruby>歌<rt>うた</rt></ruby>を<ruby>歌う<rt>うたう</rt></ruby>のが<ruby>好き<rt>すき</rt></ruby>です。<ruby>友達<rt>ともだち</rt></ruby>と<ruby>一緒<rt>いっしょ</rt></ruby>に<ruby>歌う<rt>うたう</rt></ruby>と、とても<ruby>楽しい<rt>たのしー</rt></ruby>です。","I like to sing my favorite songs at karaoke. It's a lot of fun to sing with my friends.","<ruby>歌<rt>うた</rt></ruby>を<ruby>歌い<rt>うたい</rt></ruby>ます -- sing a song;<br> みんなで<ruby>歌<rt>うた</rt></ruby>を<ruby>歌い<rt>うたい</rt></ruby>ます -- sing a song together"
"うまれる","生まれる","to be born","<ruby>私<rt>わたくし</rt></ruby>の<ruby>弟<rt>おとーと</rt></ruby>は、<ruby>去年<rt>きょねん</rt></ruby>の<ruby>夏<rt>なつ</rt></ruby>に<ruby>生まれ<rt>うまれ</rt></ruby>ました。とても<ruby>可愛く<rt>かわいく</rt></ruby>て、<ruby>家族<rt>かぞく</rt></ruby>みんなで<ruby>可愛<rt>かわい</rt></ruby>がっています。","My younger brother was born last summer. He is very cute, and the whole family loves him.","<ruby>子供<rt>こども</rt></ruby>が<ruby>生まれ<rt>うまれ</rt></ruby>ます -- a child is born;<br> <ruby>日本<rt>にっぽん</rt></ruby>で<ruby>生まれ<rt>うまれ</rt></ruby>ます -- born in Japan"
"うる","売る","to sell","この<ruby>店<rt>みせ</rt></ruby>では、<ruby>新鮮<rt>しんせん</rt></ruby>な<ruby>野菜<rt>やさい</rt></ruby>や<ruby>果物<rt>くだもの</rt></ruby>を<ruby>売っ<rt>うっ</rt></ruby>ています。いつもお<ruby>客<rt>きゃく</rt></ruby>さんで<ruby>賑わっ<rt>にぎわっ</rt></ruby>ています。","This store sells fresh vegetables and fruits. It is always crowded with customers.","<ruby>車<rt>くるま</rt></ruby>を<ruby>売り<rt>うり</rt></ruby>ます -- sell a car;<br> <ruby>家<rt>いえ</rt></ruby>を<ruby>売り<rt>うり</rt></ruby>ます -- sell a house"
"えらぶ","選ぶ","to choose","たくさんのお<ruby>菓子<rt>かし</rt></ruby>の<ruby>中<rt>なか</rt></ruby>から、<ruby>一番<rt>いちばん</rt></ruby><ruby>好き<rt>すき</rt></ruby>なチョコレートを<ruby>選び<rt>えらび</rt></ruby>ました。","I chose my favorite chocolate from a lot of sweets.","プレゼントを<ruby>選び<rt>えらび</rt></ruby>ます -- choose a present;<br> レストランを<ruby>選び<rt>えらび</rt></ruby>ます -- choose a restaurant"
"おきる","起きる","to wake up, to get up","<ruby>毎朝<rt>まいあさ</rt></ruby>、６<ruby>時<rt>じ</rt></ruby>に<ruby>起き<rt>おき</rt></ruby>ます。そして、<ruby>軽い<rt>かるい</rt></ruby><ruby>運動<rt>うんどー</rt></ruby>をしてから<ruby>朝ご飯<rt>あさごはん</rt></ruby>を<ruby>食べ<rt>たべ</rt></ruby>ます。","I wake up at 6:00 every morning. Then, I do some light exercise and eat breakfast.","<ruby>朝<rt>あさ</rt></ruby><ruby>起き<rt>おき</rt></ruby>ます -- wake up in the morning;<br> <ruby>早く<rt>はやく</rt></ruby><ruby>起き<rt>おき</rt></ruby>ます -- wake up early"
"おくる","送る","to send","<ruby>友達<rt>ともだち</rt></ruby>の<ruby>誕生<rt>たんじょー</rt></ruby><ruby>日<rt>ひ</rt></ruby>に、プレゼントを<ruby>送り<rt>おくり</rt></ruby>ました。<ruby>喜ん<rt>よろこん</rt></ruby>でくれると<ruby>嬉しい<rt>うれしー</rt></ruby>です。","I sent a present to my friend for their birthday. I hope they will be happy.","メールを<ruby>送り<rt>おくり</rt></ruby>ます -- send an email;<br> プレゼントを<ruby>送り<rt>おくり</rt></ruby>ます -- send a present"
"おこる","怒る","to get angry","<ruby>子供<rt>こども</rt></ruby>が<ruby>宿題<rt>しゅくだい</rt></ruby>をしなかったので、お<ruby>母<rt>はは</rt></ruby>さんは<ruby>怒り<rt>おこり</rt></ruby>ました。<ruby>宿題<rt>しゅくだい</rt></ruby>は<ruby>大切<rt>たいせつ</rt></ruby>です。","The mother got angry because the child didn't do their homework. Homework is important.","<ruby>先生<rt>せんせー</rt></ruby>が<ruby>怒り<rt>おこり</rt></ruby>ます -- the teacher gets angry;<br> <ruby>彼<rt>かれ</rt></ruby>が<ruby>怒り<rt>おこり</rt></ruby>ます -- he gets angry"
"おしえる","教える","to teach, to tell","<ruby>私<rt>わたくし</rt></ruby>は、<ruby>妹<rt>いもーと</rt></ruby>に<ruby>日本<rt>にっぽん</rt></ruby><ruby>語<rt>ご</rt></ruby>を<ruby>教え<rt>おしえ</rt></ruby>ています。<ruby>妹<rt>いもーと</rt></ruby>はとても<ruby>熱心<rt>ねっしん</rt></ruby>に<ruby>勉強<rt>べんきょー</rt></ruby>しています。","I am teaching Japanese to my younger sister. She is studying very hard.","<ruby>学生<rt>がくせー</rt></ruby>に<ruby>日本<rt>にっぽん</rt></ruby><ruby>語<rt>ご</rt></ruby>を<ruby>教え<rt>おしえ</rt></ruby>ます -- teach Japanese to students;<br> <ruby>道<rt>みち</rt></ruby>を<ruby>教え<rt>おしえ</rt></ruby>ます -- tell the way"
"おす","押す","to push","エレベーターのボタンを<ruby>押し<rt>おし</rt></ruby>て、<ruby>目的<rt>もくてき</rt></ruby>の<ruby>階<rt>きざはし</rt></ruby>に<ruby>行き<rt>いき</rt></ruby>ました。","I pushed the elevator button and went to the desired floor.","ボタンを<ruby>押し<rt>おし</rt></ruby>ます -- push the button;<br> ドアを<ruby>押し<rt>おし</rt></ruby>ます -- push the door"
"おとす","落とす","to drop","うっかりスマホを<ruby>落とし<rt>おとし</rt></ruby>てしまいました。<ruby>画面<rt>がめん</rt></ruby>が<ruby>割れ<rt>われ</rt></ruby>てしまいました。","I accidentally dropped my smartphone. The screen cracked.","<ruby>携帯<rt>けーたい</rt></ruby><ruby>電話<rt>でんわ</rt></ruby>を<ruby>落とし<rt>おとし</rt></ruby>ます -- drop a cell phone;<br> ペンを<ruby>落とし<rt>おとし</rt></ruby>ます -- drop a pen"
"おどる","踊る","to dance","パーティーで、<ruby>音楽<rt>おんがく</rt></ruby>に<ruby>合わせ<rt>あわせ</rt></ruby>てみんなで<ruby>踊り<rt>おどり</rt></ruby>ました。とても<ruby>楽しかっ<rt>たのしかっ</rt></ruby>たです。","At the party, we all danced to the music. It was a lot of fun.","ステージで<ruby>踊り<rt>おどり</rt></ruby>ます -- dance on the stage;<br> みんなで<ruby>踊り<rt>おどり</rt></ruby>ます -- dance together"
"おぼえる","覚える","to learn, to remember","<ruby>新しい<rt>あたらしー</rt></ruby><ruby>単語<rt>たんご</rt></ruby>を<ruby>覚える<rt>おぼえる</rt></ruby>のは<ruby>難しい<rt>むずかしー</rt></ruby>ですが、<ruby>頑張っ<rt>がんばっ</rt></ruby>て<ruby>勉強<rt>べんきょー</rt></ruby>します。","It is difficult to memorize new vocabulary, but I will study hard.","<ruby>名前<rt>なまえ</rt></ruby>を<ruby>覚え<rt>おぼえ</rt></ruby>ます -- remember the name;<br> <ruby>単語<rt>たんご</rt></ruby>を<ruby>覚え<rt>おぼえ</rt></ruby>ます -- learn words"
"おもう","思う","to think","<ruby>明日<rt>あす</rt></ruby>は<ruby>晴れる<rt>はれる</rt></ruby>と<ruby>思い<rt>おもい</rt></ruby>ます。だから、ピクニックに<ruby>行き<rt>いき</rt></ruby>たいです。","I think it will be sunny tomorrow. Therefore, I want to go on a picnic.","<ruby>明日<rt>あす</rt></ruby><ruby>雨<rt>あめ</rt></ruby>が<ruby>降る<rt>ふる</rt></ruby>と<ruby>思い<rt>おもい</rt></ruby>ます -- I think it will rain tomorrow;<br> <ruby>彼<rt>かれ</rt></ruby>は<ruby>正直<rt>しょーじき</rt></ruby>だと<ruby>思い<rt>おもい</rt></ruby>ます -- I think he is honest"
"およぐ","泳ぐ","to swim","<ruby>夏<rt>なつ</rt></ruby>は、<ruby>海<rt>うみ</rt></ruby>で<ruby>泳ぐ<rt>およぐ</rt></ruby>のが<ruby>好き<rt>すき</rt></ruby>です。<ruby>気持ち<rt>きもち</rt></ruby>が<ruby>良い<rt>よい</rt></ruby>し、<ruby>楽しい<rt>たのしー</rt></ruby>です。","I like to swim in the sea in the summer. It feels good and it's fun.","プールで<ruby>泳ぎ<rt>およぎ</rt></ruby>ます -- swim in the pool;<br> <ruby>海<rt>うみ</rt></ruby>で<ruby>泳ぎ<rt>およぎ</rt></ruby>ます -- swim in the sea"
"おりる","降りる","to get off","<ruby>次<rt>つぎ</rt></ruby>の<ruby>駅<rt>えき</rt></ruby>で<ruby>電車<rt>でんしゃ</rt></ruby>を<ruby>降り<rt>おり</rt></ruby>ます。そこから、バスに<ruby>乗り換え<rt>のりかえ</rt></ruby>ます。","I will get off the train at the next station. From there, I will transfer to a bus.","<ruby>電車<rt>でんしゃ</rt></ruby>を<ruby>降り<rt>おり</rt></ruby>ます -- get off the train;<br> バスを<ruby>降り<rt>おり</rt></ruby>ます -- get off the bus"
"おわる","終わる","to end","<ruby>今日<rt>きょー</rt></ruby>の<ruby>授業<rt>じゅぎょー</rt></ruby>は、もうすぐ<ruby>終わり<rt>おわり</rt></ruby>ます。<ruby>家<rt>いえ</rt></ruby>に<ruby>帰っ<rt>かえっ</rt></ruby>てゆっくり<ruby>休み<rt>やすみ</rt></ruby>たいです。","Today's class will end soon. I want to go home and relax.","<ruby>授業<rt>じゅぎょー</rt></ruby>が<ruby>終わり<rt>おわり</rt></ruby>ます -- class ends;<br> <ruby>仕事<rt>しごと</rt></ruby>が<ruby>終わり<rt>おわり</rt></ruby>ます -- work ends"
"かう","買う","to buy","スーパーで、りんごとバナナと<ruby>牛乳<rt>ぎゅーにゅー</rt></ruby>を<ruby>買い<rt>かい</rt></ruby>ました。","I bought apples, bananas, and milk at the supermarket.","<ruby>本<rt>ほん</rt></ruby>を<ruby>買い<rt>かい</rt></ruby>ます -- buy a book;<br> <ruby>車<rt>くるま</rt></ruby>を<ruby>買い<rt>かい</rt></ruby>ます -- buy a car"
"かう","飼う","to keep a pet","<ruby>家<rt>いえ</rt></ruby>で<ruby>犬<rt>いぬ</rt></ruby>を<ruby>飼っ<rt>かっ</rt></ruby>ています。<ruby>名前<rt>なまえ</rt></ruby>はポチです。とても<ruby>可愛い<rt>かわいー</rt></ruby>です。","I keep a dog at home. His name is Pochi. He is very cute.","<ruby>犬<rt>いぬ</rt></ruby>を<ruby>飼い<rt>かい</rt></ruby>ます -- keep a dog;<br> <ruby>猫<rt>ねこ</rt></ruby>を<ruby>飼い<rt>かい</rt></ruby>ます -- keep a cat"
"かえす","返す","to return something","<ruby>図書<rt>としょ</rt></ruby><ruby>館<rt>かん</rt></ruby>で<ruby>借り<rt>かり</rt></ruby>た<ruby>本<rt>ほん</rt></ruby>を、<ruby>明日<rt>あす</rt></ruby>までに<ruby>返さ<rt>かえさ</rt></ruby>なければなりません。","I have to return the book I borrowed from the library by tomorrow.","<ruby>本<rt>ほん</rt></ruby>を<ruby>返し<rt>かえし</rt></ruby>ます -- return a book;<br> CDを<ruby>返し<rt>かえし</rt></ruby>ます -- return a CD"
"かえる","帰る","to go home","<ruby>毎日<rt>まいにち</rt></ruby>、<ruby>仕事<rt>しごと</rt></ruby>が<ruby>終わっ<rt>おわっ</rt></ruby>たら、すぐに<ruby>家<rt>いえ</rt></ruby>に<ruby>帰り<rt>かえり</rt></ruby>ます。","Every day, I go home immediately after work.","<ruby>家<rt>いえ</rt></ruby>に<ruby>帰り<rt>かえり</rt></ruby>ます -- go home;<br> <ruby>学校<rt>がっこー</rt></ruby>から<ruby>帰り<rt>かえり</rt></ruby>ます -- return from school"
"かかる","かかる","to take","<ruby>家<rt>いえ</rt></ruby>から<ruby>学校<rt>がっこー</rt></ruby>まで、３０<ruby>分<rt>ふん</rt></ruby>かかります。","It takes 30 minutes to get from home to school.","<ruby>時間<rt>じかん</rt></ruby>がかかります -- it takes time;<br> お<ruby>金<rt>かね</rt></ruby>がかかります -- it costs money"
"かく","描く","to draw","<ruby>休み<rt>やすみ</rt></ruby>の<ruby>日<rt>ひ</rt></ruby>に、<ruby>絵<rt>え</rt></ruby>を<ruby>描く<rt>えがく</rt></ruby>のが<ruby>好き<rt>すき</rt></ruby>です。<ruby>特に<rt>とくに</rt></ruby>、<ruby>風景<rt>ふーけー</rt></ruby><ruby>画<rt>が</rt></ruby>を<ruby>描く<rt>えがく</rt></ruby>のが<ruby>好き<rt>すき</rt></ruby>です。","I like to draw pictures on my days off. I especially like to draw landscapes.","<ruby>絵<rt>え</rt></ruby>を<ruby>描き<rt>えがき</rt></ruby>ます -- draw a picture;<br> <ruby>地図<rt>ちず</rt></ruby>を<ruby>描き<rt>えがき</rt></ruby>ます -- draw a map"
"かく","書く","to write","<ruby>手紙<rt>てがみ</rt></ruby>を<ruby>書く<rt>かく</rt></ruby>のは<ruby>好き<rt>すき</rt></ruby>です。<ruby>気持ち<rt>きもち</rt></ruby>を<ruby>伝える<rt>つたえる</rt></ruby>ことができます。","I like to write letters. I can convey my feelings.","<ruby>手紙<rt>てがみ</rt></ruby>を<ruby>書き<rt>かき</rt></ruby>ます -- write a letter;<br> レポートを<ruby>書き<rt>かき</rt></ruby>ます -- write a report"
"（かぎを）かける","（鍵を）かける","to lock","<ruby>出かける<rt>でかける</rt></ruby><ruby>前<rt>まえ</rt></ruby>に、<ruby>必ず<rt>かならず</rt></ruby><ruby>鍵<rt>かぎ</rt></ruby>をかけます。","Before going out, I always lock the door.","<ruby>鍵<rt>かぎ</rt></ruby>をかけます -- lock the door;<br> <ruby>自転<rt>じてん</rt></ruby><ruby>車<rt>しゃ</rt></ruby>に<ruby>鍵<rt>かぎ</rt></ruby>をかけます -- lock the bicycle"
"（でんわを）かける","（電話を）かける","to make a phone call","<ruby>友達<rt>ともだち</rt></ruby>に<ruby>電話<rt>でんわ</rt></ruby>をかけましたが、<ruby>誰<rt>だれ</rt></ruby>も<ruby>出<rt>で</rt></ruby>ませんでした。","I made a phone call to my friend, but nobody answered.","<ruby>電話<rt>でんわ</rt></ruby>をかけます -- make a phone call;<br> <ruby>友達<rt>ともだち</rt></ruby>に<ruby>電話<rt>でんわ</rt></ruby>をかけます -- make a phone call to a friend"
"（めがねを）かける","（眼鏡を）かける","to wear glasses","<ruby>目<rt>め</rt></ruby>が<ruby>悪い<rt>わるい</rt></ruby>ので、いつも<ruby>眼鏡<rt>めがね</rt></ruby>をかけています。","Because my eyesight is bad, I always wear glasses.","<ruby>眼鏡<rt>めがね</rt></ruby>をかけます -- wear glasses;<br> <ruby>新しい<rt>あたらしー</rt></ruby><ruby>眼鏡<rt>めがね</rt></ruby>をかけます -- wear new glasses"
"かす","貸す","to lend","<ruby>友達<rt>ともだち</rt></ruby>に<ruby>本<rt>ほん</rt></ruby>を<ruby>貸し<rt>かし</rt></ruby>ました。とても<ruby>喜ん<rt>よろこん</rt></ruby>でくれました。","I lent a book to my friend. They were very happy.","<ruby>友達<rt>ともだち</rt></ruby>に<ruby>本<rt>ほん</rt></ruby>を<ruby>貸し<rt>かし</rt></ruby>ます -- lend a book to a friend;<br> <ruby>同僚<rt>どーりょー</rt></ruby>にお<ruby>金<rt>かね</rt></ruby>を<ruby>貸し<rt>かし</rt></ruby>ます -- lend money to a colleague"
"かつ","勝つ","to win","<ruby>今日<rt>きょー</rt></ruby>の<ruby>試合<rt>しあい</rt></ruby>で、<ruby>私<rt>わたくし</rt></ruby>たちのチームが<ruby>勝ち<rt>かち</rt></ruby>ました。とても<ruby>嬉しかっ<rt>うれしかっ</rt></ruby>たです。","Our team won today's game. I was very happy.","<ruby>試合<rt>しあい</rt></ruby>に<ruby>勝ち<rt>かち</rt></ruby>ます -- win the match;<br> レースに<ruby>勝ち<rt>かち</rt></ruby>ます -- win the race"
"かぶる","","to wear (hats etc)","<ruby>寒い<rt>さむい</rt></ruby>ので、<ruby>帽子<rt>ぼーし</rt></ruby>をかぶって<ruby>出かけ<rt>でかけ</rt></ruby>ました。","Because it was cold, I wore a hat and went out.","<ruby>帽子<rt>ぼーし</rt></ruby>をかぶります -- wear a hat;<br> ヘルメットをかぶります -- wear a helmet"
"かりる","借りる","to borrow","<ruby>図書<rt>としょ</rt></ruby><ruby>館<rt>かん</rt></ruby>で<ruby>本<rt>ほん</rt></ruby>を<ruby>借り<rt>かり</rt></ruby>ました。<ruby>面白い<rt>おもしろい</rt></ruby><ruby>本<rt>ほん</rt></ruby>がたくさんあります。","I borrowed a book from the library. There are many interesting books.","<ruby>友達<rt>ともだち</rt></ruby>に<ruby>本<rt>ほん</rt></ruby>を<ruby>借り<rt>かり</rt></ruby>ます -- borrow a book from a friend;<br> <ruby>図書<rt>としょ</rt></ruby><ruby>館<rt>かん</rt></ruby>で<ruby>本<rt>ほん</rt></ruby>を<ruby>借り<rt>かり</rt></ruby>ます -- borrow a book at the library"
"（のどが）かわく","","to be thirsty","<ruby>運動<rt>うんどー</rt></ruby>した<ruby>後<rt>あと</rt></ruby>で、のどが<ruby>渇き<rt>かわき</rt></ruby>ました。<ruby>水<rt>みず</rt></ruby>をたくさん<ruby>飲み<rt>のみ</rt></ruby>ました。","I was thirsty after exercising. I drank a lot of water.","<ruby>喉<rt>のど</rt></ruby>が<ruby>渇き<rt>かわき</rt></ruby>ます -- be thirsty;<br> とても<ruby>喉<rt>のど</rt></ruby>が<ruby>渇き<rt>かわき</rt></ruby>ます -- be very thirsty"
"かんがえる","考える","to think","<ruby>将来<rt>しょーらい</rt></ruby>のことを<ruby>考える<rt>かんがえる</rt></ruby>と、<ruby>少し<rt>すこし</rt></ruby><ruby>不安<rt>ふあん</rt></ruby>になります。","When I think about the future, I get a little worried.","<ruby>将来<rt>しょーらい</rt></ruby>を<ruby>考え<rt>かんがえ</rt></ruby>ます -- think about the future;<br> <ruby>解決<rt>かいけつ</rt></ruby><ruby>策<rt>さく</rt></ruby>を<ruby>考え<rt>かんがえ</rt></ruby>ます -- think about the solution"
"がんばる","頑張る","to do one's best, to endure","<ruby>試験<rt>しけん</rt></ruby>があるので、<ruby>一生<rt>いっしょー</rt></ruby><ruby>懸命<rt>けんめー</rt></ruby><ruby>頑張っ<rt>がんばっ</rt></ruby>て<ruby>勉強<rt>べんきょー</rt></ruby>します。","Because there is an exam, I will do my best to study hard.","<ruby>試験<rt>しけん</rt></ruby>を<ruby>頑張り<rt>がんばり</rt></ruby>ます -- do my best on the exam;<br> <ruby>仕事<rt>しごと</rt></ruby>を<ruby>頑張り<rt>がんばり</rt></ruby>ます -- do my best at work"
"きく","聞く、聴く","to hear, to listen","<ruby>毎朝<rt>まいあさ</rt></ruby>、<ruby>音楽<rt>おんがく</rt></ruby>を<ruby>聞き<rt>きき</rt></ruby>ながら、<ruby>朝ご飯<rt>あさごはん</rt></ruby>を<ruby>食べ<rt>たべ</rt></ruby>ます。","Every morning, I eat breakfast while listening to music.","<ruby>音楽<rt>おんがく</rt></ruby>を<ruby>聞き<rt>きき</rt></ruby>ます -- listen to music;<br> <ruby>先生<rt>せんせー</rt></ruby>の<ruby>話<rt>はなし</rt></ruby>を<ruby>聞き<rt>きき</rt></ruby>ます -- listen to the teacher's talk"
"きこえる","聞こえる","to be audible","<ruby>外<rt>そと</rt></ruby>から、<ruby>子供<rt>こども</rt></ruby>たちの<ruby>遊ぶ<rt>あそぶ</rt></ruby><ruby>声<rt>こえ</rt></ruby>が<ruby>聞こえ<rt>きこえ</rt></ruby>ます。","I can hear the voices of children playing from outside.","<ruby>鳥<rt>とり</rt></ruby>の<ruby>声<rt>こえ</rt></ruby>が<ruby>聞こえ<rt>きこえ</rt></ruby>ます -- hear the sound of birds;<br> <ruby>音楽<rt>おんがく</rt></ruby>が<ruby>聞こえ<rt>きこえ</rt></ruby>ます -- hear the music"
"きめる","決める","to decide","<ruby>明日<rt>あす</rt></ruby><ruby>何<rt>なん</rt></ruby>を<ruby>食べる<rt>たべる</rt></ruby>か、<ruby>家族<rt>かぞく</rt></ruby>と<ruby>相談<rt>そーだん</rt></ruby>して<ruby>決める<rt>きめる</rt></ruby>つもりです。","I plan to decide what to eat tomorrow by discussing it with my family.","<ruby>会議<rt>かいぎ</rt></ruby>の<ruby>日程<rt>にってー</rt></ruby>を<ruby>決め<rt>きめ</rt></ruby>ます -- decide the meeting schedule;<br> <ruby>旅行<rt>りょこー</rt></ruby><ruby>先<rt>さき</rt></ruby>を<ruby>決め<rt>きめ</rt></ruby>ます -- decide the travel destination"
"きる","着る","to wear","<ruby>明日<rt>あす</rt></ruby>のパーティーのために、<ruby>新しい<rt>あたらしー</rt></ruby>ドレスを<ruby>着る<rt>きる</rt></ruby>のが<ruby>楽しみ<rt>たのしみ</rt></ruby>です。","I'm looking forward to wearing my new dress for tomorrow's party.","シャツを<ruby>着<rt>き</rt></ruby>ます -- wear a shirt;<br> コートを<ruby>着<rt>き</rt></ruby>ます -- wear a coat"
"くもる","曇る","to be cloudy","<ruby>今日<rt>きょー</rt></ruby>は<ruby>一<rt>いち</rt></ruby><ruby>日<rt>にち</rt></ruby><ruby>中<rt>ちゅー</rt></ruby><ruby>曇る<rt>くもる</rt></ruby>でしょう。<ruby>洗濯<rt>せんたく</rt></ruby><ruby>物<rt>ぶつ</rt></ruby>は<ruby>部屋<rt>へや</rt></ruby>の<ruby>中<rt>なか</rt></ruby>に<ruby>干し<rt>ほし</rt></ruby>ましょう。","It will probably be cloudy all day today. Let's hang the laundry inside.","<ruby>空<rt>そら</rt></ruby>が<ruby>曇り<rt>くもり</rt></ruby>ます -- the sky becomes cloudy;<br> <ruby>天気<rt>てんき</rt></ruby>が<ruby>曇り<rt>くもり</rt></ruby>ます -- the weather becomes cloudy"
"こたえる","答える","to answer","<ruby>先生<rt>せんせー</rt></ruby>の<ruby>質問<rt>しつもん</rt></ruby>に、<ruby>学生<rt>がくせー</rt></ruby>たちは<ruby>一生<rt>いっしょー</rt></ruby><ruby>懸命<rt>けんめー</rt></ruby><ruby>答えよう<rt>こたえよー</rt></ruby>としました。","The students tried hard to answer the teacher's questions.","<ruby>質問<rt>しつもん</rt></ruby>に<ruby>答え<rt>こたえ</rt></ruby>ます -- answer the question;<br> インタビューに<ruby>答え<rt>こたえ</rt></ruby>ます -- answer the interview"
"こむ","混む","to be crowded","<ruby>週末<rt>しゅーまつ</rt></ruby>の<ruby>東京<rt>とーきょー</rt></ruby><ruby>駅<rt>えき</rt></ruby>はいつも<ruby>混ん<rt>こん</rt></ruby>でいて、<ruby>歩く<rt>あるく</rt></ruby>のが<ruby>大変<rt>たいへん</rt></ruby>です。","Tokyo Station is always crowded on weekends, making it difficult to walk.","<ruby>電車<rt>でんしゃ</rt></ruby>が<ruby>混み<rt>こみ</rt></ruby>ます -- the train gets crowded;<br> <ruby>道<rt>みち</rt></ruby>が<ruby>混み<rt>こみ</rt></ruby>ます -- the road gets crowded"
"しぬ","死ぬ","to die","<ruby>犬<rt>いぬ</rt></ruby>は<ruby>古く<rt>ふるく</rt></ruby>なって<ruby>死ん<rt>しん</rt></ruby>でしまって、とても<ruby>悲しかっ<rt>かなしかっ</rt></ruby>たです。","The dog got old and died, and I was very sad.","<ruby>人<rt>ひと</rt></ruby>が<ruby>死に<rt>しに</rt></ruby>ます -- a person dies;<br> <ruby>動物<rt>どーぶつ</rt></ruby>が<ruby>死に<rt>しに</rt></ruby>ます -- an animal dies"
"しめる","閉める","to close","<ruby>寝る<rt>ねる</rt></ruby><ruby>前<rt>まえ</rt></ruby>に、<ruby>窓<rt>まど</rt></ruby>とドアをきちんと<ruby>閉める<rt>しめる</rt></ruby>ようにしてください。","Please make sure to close the windows and doors properly before going to bed.","ドアを<ruby>閉め<rt>しめ</rt></ruby>ます -- close the door;<br> <ruby>窓<rt>まど</rt></ruby>を<ruby>閉め<rt>しめ</rt></ruby>ます -- close the window"
"しらせる","知らせる","to notify","もし<ruby>何<rt>なん</rt></ruby>か<ruby>問題<rt>もんだい</rt></ruby>があったら、すぐに<ruby>私<rt>わたくし</rt></ruby>に<ruby>知ら<rt>しら</rt></ruby>せてください。","If there is any problem, please notify me immediately.","<ruby>結果<rt>けっか</rt></ruby>を<ruby>知ら<rt>しら</rt></ruby>せます -- notify the result;<br> <ruby>変更<rt>へんこー</rt></ruby>を<ruby>知ら<rt>しら</rt></ruby>せます -- notify the change"
"しる","知る","to know","<ruby>私<rt>わたくし</rt></ruby>は<ruby>田中<rt>たなか</rt></ruby>さんが<ruby>結婚<rt>けっこん</rt></ruby>することを<ruby>知り<rt>しり</rt></ruby>ませんでした。びっくりしました。","I didn't know that Tanaka-san was getting married. I was surprised.","<ruby>名前<rt>なまえ</rt></ruby>を<ruby>知り<rt>しり</rt></ruby>ます -- know the name;<br> <ruby>事実<rt>じじつ</rt></ruby>を<ruby>知り<rt>しり</rt></ruby>ます -- know the fact"
"すう","吸う","to smoke, to inhale","ここでたばこを<ruby>吸う<rt>すー</rt></ruby>ことは<ruby>禁止<rt>きんし</rt></ruby>されています。<ruby>外<rt>そと</rt></ruby>で<ruby>吸っ<rt>すっ</rt></ruby>てください。","Smoking is prohibited here. Please smoke outside.","タバコを<ruby>吸い<rt>すい</rt></ruby>ます -- smoke a cigarette;<br> <ruby>空気<rt>くーき</rt></ruby>を<ruby>吸い<rt>すい</rt></ruby>ます -- inhale air"
"（おなかが）すく","（お腹が）すく","to get hungry","<ruby>お腹<rt>おなか</rt></ruby>がすいたから、<ruby>何<rt>なん</rt></ruby>か<ruby>食べる<rt>たべる</rt></ruby>ものを<ruby>買い<rt>かい</rt></ruby>に<ruby>行き<rt>いき</rt></ruby>ましょう。","I'm hungry, so let's go buy something to eat.","<ruby>お腹<rt>おなか</rt></ruby>が<ruby>空き<rt>あき</rt></ruby>ます -- get hungry;<br> とても<ruby>お腹<rt>おなか</rt></ruby>が<ruby>空き<rt>あき</rt></ruby>ます -- get very hungry"
"すてる","捨てる","to throw out","もう<ruby>使わ<rt>つかわ</rt></ruby>ない<ruby>古い<rt>ふるい</rt></ruby><ruby>服<rt>ふく</rt></ruby>は、<ruby>捨てる<rt>すてる</rt></ruby>かリサイクルに<ruby>出す<rt>だす</rt></ruby>つもりです。","I plan to throw away or recycle the old clothes that I no longer use.","ゴミを<ruby>捨て<rt>すて</rt></ruby>ます -- throw out the trash;<br> <ruby>古い<rt>ふるい</rt></ruby><ruby>服<rt>ふく</rt></ruby>を<ruby>捨て<rt>すて</rt></ruby>ます -- throw out old clothes"
"すむ","住む","to live","<ruby>私<rt>わたくし</rt></ruby>は<ruby>東京<rt>とーきょー</rt></ruby>に<ruby>住ん<rt>すん</rt></ruby>でいます。とても<ruby>便利<rt>べんり</rt></ruby>な<ruby>場所<rt>ばしょ</rt></ruby>です。","I live in Tokyo. It's a very convenient place.","<ruby>東京<rt>とーきょー</rt></ruby>に<ruby>住み<rt>すみ</rt></ruby>ます -- live in Tokyo;<br> アパートに<ruby>住み<rt>すみ</rt></ruby>ます -- live in an apartment"
"する","","to do","<ruby>週末<rt>しゅーまつ</rt></ruby>は<ruby>何<rt>なん</rt></ruby>をしますか。<ruby>映画<rt>えーが</rt></ruby>を<ruby>見<rt>み</rt></ruby>に<ruby>行き<rt>いき</rt></ruby>ますか。","What are you doing this weekend? Are you going to see a movie?","<ruby>勉強<rt>べんきょー</rt></ruby>をします -- do study;<br> <ruby>料理<rt>りょーり</rt></ruby>をします -- do cooking"
"すわる","座る","to sit","どうぞここに<ruby>座っ<rt>すわっ</rt></ruby>てください。<ruby>疲れ<rt>つかれ</rt></ruby>ているでしょう。","Please sit here. You must be tired.","<ruby>椅子<rt>いす</rt></ruby>に<ruby>座り<rt>すわり</rt></ruby>ます -- sit on a chair;<br> ベンチに<ruby>座り<rt>すわり</rt></ruby>ます -- sit on a bench"
"だす","出す","to put out, to hand in","レポートは<ruby>明日<rt>あす</rt></ruby>までに<ruby>先生<rt>せんせー</rt></ruby>に<ruby>出さ<rt>ださ</rt></ruby>なければなりません。","I have to hand in the report to the teacher by tomorrow.","<ruby>宿題<rt>しゅくだい</rt></ruby>を<ruby>出し<rt>だし</rt></ruby>ます -- hand in homework;<br> ゴミを<ruby>出し<rt>だし</rt></ruby>ます -- put out the trash"
"たすける","助ける","to help","<ruby>道<rt>みち</rt></ruby>に<ruby>迷っ<rt>まよっ</rt></ruby>ているおばあさんを<ruby>助け<rt>たすけ</rt></ruby>ました。","I helped an old woman who was lost.","<ruby>困っ<rt>こまっ</rt></ruby>ている<ruby>人<rt>ひと</rt></ruby>を<ruby>助け<rt>たすけ</rt></ruby>ます -- help people in trouble;<br> <ruby>友達<rt>ともだち</rt></ruby>を<ruby>助け<rt>たすけ</rt></ruby>ます -- help a friend"
"たつ","立つ","to stand up","<ruby>授業<rt>じゅぎょー</rt></ruby>が<ruby>終わっ<rt>おわっ</rt></ruby>た<ruby>後<rt>あと</rt></ruby>、<ruby>学生<rt>がくせー</rt></ruby>たちは<ruby>立ち上がっ<rt>たちあがっ</rt></ruby>て<ruby>教室<rt>きょーしつ</rt></ruby>を<ruby>出<rt>で</rt></ruby>ました。","After the class ended, the students stood up and left the classroom.","<ruby>席<rt>せき</rt></ruby>から<ruby>立ち<rt>たち</rt></ruby>ます -- stand up from the seat;<br> ドアの<ruby>前<rt>まえ</rt></ruby>に<ruby>立ち<rt>たち</rt></ruby>ます -- stand in front of the door"
"たてる","建てる","to build","<ruby>私<rt>わたくし</rt></ruby>の<ruby>夢<rt>ゆめ</rt></ruby>は、いつか<ruby>自分<rt>じぶん</rt></ruby>の<ruby>家<rt>いえ</rt></ruby>を<ruby>建てる<rt>たてる</rt></ruby>ことです。","My dream is to build my own house someday.","<ruby>家<rt>いえ</rt></ruby>を<ruby>建て<rt>たて</rt></ruby>ます -- build a house;<br> ビルを<ruby>建て<rt>たて</rt></ruby>ます -- build a building"
"たべる","食べる","to eat","<ruby>毎朝<rt>まいあさ</rt></ruby>、<ruby>朝ご飯<rt>あさごはん</rt></ruby>にパンとコーヒーを<ruby>食べ<rt>たべ</rt></ruby>ます。","I eat bread and coffee for breakfast every morning.","<ruby>ご飯<rt>ごはん</rt></ruby>を<ruby>食べ<rt>たべ</rt></ruby>ます -- eat rice;<br> <ruby>寿司<rt>すし</rt></ruby>を<ruby>食べ<rt>たべ</rt></ruby>ます -- eat sushi"
"ちがう","違う","to be different, to be wrong","<ruby>私<rt>わたくし</rt></ruby>が<ruby>思っ<rt>おもっ</rt></ruby>ていたのと<ruby>違う<rt>ちがう</rt></ruby><ruby>映画<rt>えーが</rt></ruby>だったけど、<ruby>面白かっ<rt>おもしろかっ</rt></ruby>たです。","It was a different movie than I expected, but it was interesting.","<ruby>意見<rt>いけん</rt></ruby>が<ruby>違い<rt>ちがい</rt></ruby>ます -- opinions differ;<br> <ruby>考え<rt>かんがえ</rt></ruby><ruby>方<rt>かた</rt></ruby>が<ruby>違い<rt>ちがい</rt></ruby>ます -- ways of thinking differ"
"つかう","使う","to use","このパソコンは<ruby>古く<rt>ふるく</rt></ruby>て<ruby>使い<rt>つかい</rt></ruby>にくいです。<ruby>新しい<rt>あたらしー</rt></ruby>のが<ruby>欲しい<rt>ほしー</rt></ruby>です。","This computer is old and difficult to use. I want a new one.","パソコンを<ruby>使い<rt>つかい</rt></ruby>ます -- use a computer;<br> <ruby>日本<rt>にっぽん</rt></ruby><ruby>語<rt>ご</rt></ruby>を<ruby>使い<rt>つかい</rt></ruby>ます -- use Japanese"
"つかれる","疲れる","to get tired","<ruby>今日<rt>きょー</rt></ruby>はたくさん<ruby>歩い<rt>あるい</rt></ruby>たので、とても<ruby>疲れ<rt>つかれ</rt></ruby>ました。","I walked a lot today, so I'm very tired.","<ruby>仕事<rt>しごと</rt></ruby>で<ruby>疲れ<rt>つかれ</rt></ruby>ます -- get tired from work;<br> <ruby>長い<rt>ながい</rt></ruby><ruby>道のり<rt>みちのり</rt></ruby>で<ruby>疲れ<rt>つかれ</rt></ruby>ます -- get tired from a long journey"
"つく","着く","to arrive","<ruby>飛行<rt>ひこー</rt></ruby><ruby>機<rt>き</rt></ruby>は<ruby>予定<rt>よてー</rt></ruby><ruby>通り<rt>とーり</rt></ruby>に<ruby>空港<rt>くーこー</rt></ruby>に<ruby>着き<rt>つき</rt></ruby>ました。","The airplane arrived at the airport on schedule.","<ruby>駅<rt>えき</rt></ruby>に<ruby>着き<rt>つき</rt></ruby>ます -- arrive at the station;<br> ホテルに<ruby>着き<rt>つき</rt></ruby>ます -- arrive at the hotel"
"つくる","作る","to make","<ruby>週末<rt>しゅーまつ</rt></ruby>に<ruby>友達<rt>ともだち</rt></ruby>と<ruby>一緒<rt>いっしょ</rt></ruby>にケーキを<ruby>作る<rt>つくる</rt></ruby>のが<ruby>好き<rt>すき</rt></ruby>です。","I like making cakes with my friends on weekends.","<ruby>料理<rt>りょーり</rt></ruby>を<ruby>作り<rt>つくり</rt></ruby>ます -- make a dish;<br> <ruby>計画<rt>けーかく</rt></ruby>を<ruby>作り<rt>つくり</rt></ruby>ます -- make a plan"
"（でんきを）つける","（電気を）つける","to switch on (a light)","<ruby>部屋<rt>へや</rt></ruby>が<ruby>暗い<rt>くらい</rt></ruby>ので、<ruby>電気<rt>でんき</rt></ruby>をつけてください。","The room is dark, so please turn on the light.","<ruby>電気<rt>でんき</rt></ruby>をつけます -- turn on the light;<br> テレビをつけます -- turn on the TV"
"つたえる","伝える","to pass on a message","<ruby>田中<rt>たなか</rt></ruby>さんに、<ruby>明日<rt>あす</rt></ruby>の<ruby>会議<rt>かいぎ</rt></ruby>は<ruby>午後<rt>ごご</rt></ruby>３<ruby>時<rt>じ</rt></ruby>に<ruby>変わっ<rt>かわっ</rt></ruby>たと<ruby>伝え<rt>つたえ</rt></ruby>てください。","Please tell Tanaka-san that tomorrow's meeting has been changed to 3 pm.","メッセージを<ruby>伝え<rt>つたえ</rt></ruby>ます -- pass on a message;<br> <ruby>情報<rt>じょーほー</rt></ruby>を<ruby>伝え<rt>つたえ</rt></ruby>ます -- convey information"
"つづける","続ける","to continue","<ruby>毎日<rt>まいにち</rt></ruby><ruby>日本<rt>にっぽん</rt></ruby><ruby>語<rt>ご</rt></ruby>の<ruby>勉強<rt>べんきょー</rt></ruby>を<ruby>続ける<rt>つずける</rt></ruby>ことが<ruby>大切<rt>たいせつ</rt></ruby>です。","It is important to continue studying Japanese every day.","<ruby>仕事<rt>しごと</rt></ruby>を<ruby>続け<rt>つずけ</rt></ruby>ます -- continue work;<br> <ruby>勉強<rt>べんきょー</rt></ruby>を<ruby>続け<rt>つずけ</rt></ruby>ます -- continue studying"
"できる","","to be able to","<ruby>私<rt>わたくし</rt></ruby>は<ruby>日本<rt>にっぽん</rt></ruby><ruby>語<rt>ご</rt></ruby>を<ruby>少し<rt>すこし</rt></ruby>だけ<ruby>話す<rt>はなす</rt></ruby>ことができます。","I can speak a little Japanese.","<ruby>日本<rt>にっぽん</rt></ruby><ruby>語<rt>ご</rt></ruby>ができます -- can speak Japanese;<br> <ruby>料理<rt>りょーり</rt></ruby>ができます -- can cook"
"てつだう","手伝う","to help","<ruby>母<rt>はは</rt></ruby>の<ruby>日<rt>ひ</rt></ruby>のプレゼントに、<ruby>母<rt>はは</rt></ruby>の<ruby>日<rt>ひ</rt></ruby>の<ruby>料理<rt>りょーり</rt></ruby>を<ruby>手伝い<rt>てつだい</rt></ruby>ました。","For Mother's Day, I helped with the Mother's Day meal.","<ruby>友達<rt>ともだち</rt></ruby>を<ruby>手伝い<rt>てつだい</rt></ruby>ます -- help a friend;<br> <ruby>仕事<rt>しごと</rt></ruby>を<ruby>手伝い<rt>てつだい</rt></ruby>ます -- help with work"
"でる","出る","to go out","これから<ruby>友達<rt>ともだち</rt></ruby>と<ruby>映画<rt>えーが</rt></ruby>を<ruby>見<rt>み</rt></ruby>に<ruby>出かける<rt>でかける</rt></ruby><ruby>予定<rt>よてー</rt></ruby>です。","I am planning to go out to see a movie with my friend.","<ruby>家<rt>いえ</rt></ruby>を<ruby>出<rt>で</rt></ruby>ます -- leave the house;<br> <ruby>会議<rt>かいぎ</rt></ruby>に<ruby>出<rt>で</rt></ruby>ます -- attend a meeting"
"とおる","通る","to go through","この<ruby>道<rt>みち</rt></ruby>は<ruby>狭い<rt>せまい</rt></ruby>ので、<ruby>車<rt>くるま</rt></ruby>はゆっくり<ruby>通っ<rt>かよっ</rt></ruby>てください。","This road is narrow, so please drive slowly.","<ruby>道<rt>みち</rt></ruby>を<ruby>通り<rt>とーり</rt></ruby> -- go through the road;<br> トンネルを<ruby>通り<rt>とーり</rt></ruby> -- go through the tunnel"
"とまる","泊る","to stay somewhere","<ruby>旅行<rt>りょこー</rt></ruby>で<ruby>京都<rt>きょーと</rt></ruby>のホテルに<ruby>三<rt>みっ</rt></ruby><ruby>日間<rt>かかん</rt></ruby><ruby>泊まり<rt>とまり</rt></ruby>ました。","I stayed at a hotel in Kyoto for three days on my trip.","ホテルに<ruby>泊まり<rt>とまり</rt></ruby>ます -- stay at a hotel;<br> <ruby>友達<rt>ともだち</rt></ruby>の<ruby>家<rt>いえ</rt></ruby>に<ruby>泊まり<rt>とまり</rt></ruby>ます -- stay at a friend's house"
"とまる","止まる","to stop","<ruby>信号<rt>しんごー</rt></ruby>が<ruby>赤<rt>あか</rt></ruby>になったので、<ruby>車<rt>くるま</rt></ruby>は<ruby>止まり<rt>とまり</rt></ruby>ました。","The car stopped because the traffic light turned red.","<ruby>車<rt>くるま</rt></ruby>が<ruby>止まり<rt>とまり</rt></ruby>ます -- the car stops;<br> <ruby>時計<rt>とけー</rt></ruby>が<ruby>止まり<rt>とまり</rt></ruby>ます -- the watch stops"
"とる","取る","to take","<ruby>試験<rt>しけん</rt></ruby>を<ruby>受ける<rt>うける</rt></ruby>ために、ペンと<ruby>鉛筆<rt>えんぴつ</rt></ruby>を<ruby>取っ<rt>とっ</rt></ruby>てきました。","I took a pen and pencil to take the exam.","<ruby>写真<rt>しゃしん</rt></ruby>を<ruby>取り<rt>とり</rt></ruby>ます -- take a photo;<br> <ruby>休み<rt>やすみ</rt></ruby>を<ruby>取り<rt>とり</rt></ruby>ます -- take a holiday"
"とる","撮る","to take a photograph","<ruby>旅行<rt>りょこー</rt></ruby>の<ruby>思い出<rt>おもいで</rt></ruby>に、たくさんの<ruby>写真<rt>しゃしん</rt></ruby>を<ruby>撮り<rt>とり</rt></ruby>ました。","I took many pictures as memories of my trip.","<ruby>写真<rt>しゃしん</rt></ruby>を<ruby>撮り<rt>とり</rt></ruby>ます -- take a photograph;<br> <ruby>映画<rt>えーが</rt></ruby>を<ruby>撮り<rt>とり</rt></ruby>ます -- take a movie"
"なおす","直す","to repair","<ruby>壊れ<rt>こわれ</rt></ruby>たパソコンを<ruby>直す<rt>なおす</rt></ruby>ために、<ruby>修理<rt>しゅーり</rt></ruby><ruby>屋<rt>や</rt></ruby>に<ruby>持っ<rt>もっ</rt></ruby>て<ruby>行き<rt>いき</rt></ruby>ました。","I took the broken computer to the repair shop to fix it.","パソコンを<ruby>直し<rt>なおし</rt></ruby>ます -- repair a computer;<br> <ruby>時計<rt>とけー</rt></ruby>を<ruby>直し<rt>なおし</rt></ruby>ます -- repair a watch"
"なく","泣く","to cry","<ruby>悲しい<rt>かなしー</rt></ruby><ruby>映画<rt>えーが</rt></ruby>を<ruby>見<rt>み</rt></ruby>て、<ruby>思わ<rt>おもわ</rt></ruby>ず<ruby>泣い<rt>ない</rt></ruby>てしまいました。","I watched a sad movie and couldn't help but cry.","<ruby>悲しく<rt>かなしく</rt></ruby>て<ruby>泣き<rt>なき</rt></ruby>ます -- cry because of sadness;<br> <ruby>赤ちゃん<rt>あかちゃん</rt></ruby>が<ruby>泣き<rt>なき</rt></ruby>ます -- a baby cries"
"なくす","","to lose","<ruby>鍵<rt>かぎ</rt></ruby>をなくしてしまって、<ruby>家<rt>いえ</rt></ruby>に<ruby>入れ<rt>いれ</rt></ruby>ません。","I lost my key and can't get into the house.","<ruby>鍵<rt>かぎ</rt></ruby>をなくします -- lose a key;<br> <ruby>自信<rt>じしん</rt></ruby>をなくします -- lose confidence"
"なげる","投げる","to throw","<ruby>野球<rt>やきゅー</rt></ruby>の<ruby>試合<rt>しあい</rt></ruby>で、ボールを<ruby>遠く<rt>とーく</rt></ruby>まで<ruby>投げる<rt>なげる</rt></ruby>ことができました。","I was able to throw the ball far in the baseball game.","ボールを<ruby>投げ<rt>なげ</rt></ruby>ます -- throw a ball;<br> <ruby>石<rt>いし</rt></ruby>を<ruby>投げ<rt>なげ</rt></ruby>ます -- throw a stone"
"ならう","習う","to learn","<ruby>新しい<rt>あたらしー</rt></ruby><ruby>趣味<rt>しゅみ</rt></ruby>として、ギターを<ruby>習い<rt>ならい</rt></ruby><ruby>始め<rt>はじめ</rt></ruby>ました。","I started learning guitar as a new hobby.","<ruby>日本<rt>にっぽん</rt></ruby><ruby>語<rt>ご</rt></ruby>を<ruby>習い<rt>ならい</rt></ruby>ます -- learn Japanese;<br> <ruby>運転<rt>うんてん</rt></ruby>を<ruby>習い<rt>ならい</rt></ruby>ます -- learn to drive"
"なる","成る","to become","<ruby>大人<rt>おとな</rt></ruby>になったら、<ruby>医者<rt>いしゃ</rt></ruby>になりたいと<ruby>思っ<rt>おもっ</rt></ruby>ています。","When I grow up, I want to become a doctor.","<ruby>医者<rt>いしゃ</rt></ruby>になります -- become a doctor;<br> <ruby>大人<rt>おとな</rt></ruby>になります -- become an adult"
"ぬぐ","脱ぐ","to take off (clothes)","<ruby>家<rt>いえ</rt></ruby>に<ruby>帰っ<rt>かえっ</rt></ruby>たら、すぐにコートを<ruby>脱ぎ<rt>ぬぎ</rt></ruby>ました。","When I got home, I immediately took off my coat.","<ruby>服<rt>ふく</rt></ruby>を<ruby>脱ぎ<rt>ぬぎ</rt></ruby>ます -- take off clothes;<br> <ruby>靴<rt>くつ</rt></ruby>を<ruby>脱ぎ<rt>ぬぎ</rt></ruby>ます -- take off shoes"
"ねる","寝る","to sleep, to go to bed","<ruby>疲れ<rt>つかれ</rt></ruby>たので、<ruby>早く<rt>はやく</rt></ruby><ruby>寝る<rt>ねる</rt></ruby>ことにします。おやすみなさい。","I'm tired, so I'm going to go to bed early. Good night.","<ruby>夜<rt>よる</rt></ruby><ruby>寝<rt>ね</rt></ruby>ます -- sleep at night;<br> ベッドで<ruby>寝<rt>ね</rt></ruby>ます -- sleep in bed"
"のぼる","登る、上る","to climb","<ruby>友達<rt>ともだち</rt></ruby>と<ruby>一緒<rt>いっしょ</rt></ruby>に、<ruby>高い<rt>たかい</rt></ruby><ruby>山<rt>やま</rt></ruby>に<ruby>登る<rt>のぼる</rt></ruby><ruby>計画<rt>けーかく</rt></ruby>を<ruby>立て<rt>たて</rt></ruby>ています。","I'm planning to climb a high mountain with my friends.","<ruby>山<rt>やま</rt></ruby>を<ruby>登り<rt>のぼり</rt></ruby>ます -- climb a mountain;<br> <ruby>階段<rt>かいだん</rt></ruby>を<ruby>登り<rt>のぼり</rt></ruby>ます -- climb stairs"
"のむ","飲む","to drink","<ruby>暑い<rt>あつい</rt></ruby>ので、<ruby>冷たい<rt>つめたい</rt></ruby><ruby>水<rt>みず</rt></ruby>をたくさん<ruby>飲み<rt>のみ</rt></ruby>ました。","It was hot, so I drank a lot of cold water.","<ruby>水<rt>みず</rt></ruby>を<ruby>飲み<rt>のみ</rt></ruby>ます -- drink water;<br> コーヒーを<ruby>飲み<rt>のみ</rt></ruby>ます -- drink coffee"
"のる","乗る","to ride on a method of transport","<ruby>毎朝<rt>まいあさ</rt></ruby>、<ruby>電車<rt>でんしゃ</rt></ruby>に<ruby>乗っ<rt>のっ</rt></ruby>て<ruby>学校<rt>がっこー</rt></ruby>へ<ruby>行き<rt>いき</rt></ruby>ます。","I take the train to school every morning.","<ruby>電車<rt>でんしゃ</rt></ruby>に<ruby>乗り<rt>のり</rt></ruby>ます -- ride a train;<br> バスに<ruby>乗り<rt>のり</rt></ruby>ます -- ride a bus"
"はいる","入る","to enter","どうぞ、<ruby>中<rt>なか</rt></ruby>に<ruby>入っ<rt>はいっ</rt></ruby>てください。お<ruby>茶<rt>ちゃ</rt></ruby>を<ruby>入れ<rt>いれ</rt></ruby>ますね。","Please come in. I'll make some tea.","<ruby>部屋<rt>へや</rt></ruby>に<ruby>入り<rt>はいり</rt></ruby>ます -- enter a room;<br> <ruby>学校<rt>がっこー</rt></ruby>に<ruby>入り<rt>はいり</rt></ruby>ます -- enter a school"
"はく","","to wear (shoes, trousers etc)","<ruby>寒い<rt>さむい</rt></ruby>ので、<ruby>暖かい<rt>あたたかい</rt></ruby><ruby>靴下<rt>くつした</rt></ruby>をはいて<ruby>出かけ<rt>でかけ</rt></ruby>ました。","Because it was cold, I put on warm socks and went out.","ズボンをはきます -- wear trousers;<br> <ruby>靴<rt>くつ</rt></ruby>をはきます -- wear shoes"
"はじめる","始める","to start","<ruby>新しい<rt>あたらしー</rt></ruby>プロジェクトを<ruby>始める<rt>はじめる</rt></ruby>ために、<ruby>私<rt>わたくし</rt></ruby>たちはまず<ruby>計画<rt>けーかく</rt></ruby>を<ruby>立て<rt>たて</rt></ruby>、チームを<ruby>集め<rt>あつめ</rt></ruby>、<ruby>必要<rt>ひつよー</rt></ruby>な<ruby>資源<rt>しげん</rt></ruby>を<ruby>準備<rt>じゅんび</rt></ruby>することから<ruby>始め<rt>はじめ</rt></ruby>ました。","To start a new project, we first began by creating a plan, gathering a team, and preparing the necessary resources.","<ruby>授業<rt>じゅぎょー</rt></ruby>を<ruby>始め<rt>はじめ</rt></ruby>ます -- start the class;<br> <ruby>新しい<rt>あたらしー</rt></ruby><ruby>仕事<rt>しごと</rt></ruby>を<ruby>始め<rt>はじめ</rt></ruby>ます -- start a new job"
"はしる","走る","to run","<ruby>毎日<rt>まいにち</rt></ruby>、<ruby>健康<rt>けんこー</rt></ruby>のために<ruby>公園<rt>こーえん</rt></ruby>で<ruby>走る<rt>はしる</rt></ruby>ことは、<ruby>私<rt>わたくし</rt></ruby>の<ruby>習慣<rt>しゅーかん</rt></ruby>です。<ruby>特に<rt>とくに</rt></ruby>、<ruby>朝<rt>あさ</rt></ruby><ruby>早く<rt>はやく</rt></ruby><ruby>走る<rt>はしる</rt></ruby>と、とても<ruby>気持ち<rt>きもち</rt></ruby>がいいです。","Running in the park every day for my health is my habit. Especially running early in the morning feels very good.","<ruby>公園<rt>こーえん</rt></ruby>を<ruby>走り<rt>はしり</rt></ruby>ます -- run in the park;<br> <ruby>毎日<rt>まいにち</rt></ruby><ruby>走り<rt>はしり</rt></ruby>ます -- run every day"
"はたらく","働く","to work","<ruby>私<rt>わたくし</rt></ruby>は<ruby>会社<rt>かいしゃ</rt></ruby>で<ruby>働い<rt>はたらい</rt></ruby>ています。<ruby>毎日<rt>まいにち</rt></ruby>、<ruby>一生<rt>いっしょー</rt></ruby><ruby>懸命<rt>けんめー</rt></ruby><ruby>働い<rt>はたらい</rt></ruby>て、<ruby>会社<rt>かいしゃ</rt></ruby>の<ruby>目標<rt>もくひょー</rt></ruby>を<ruby>達成<rt>たっせー</rt></ruby>するために<ruby>頑張っ<rt>がんばっ</rt></ruby>ています。","I work at a company. Every day, I work hard and do my best to achieve the company's goals.","<ruby>会社<rt>かいしゃ</rt></ruby>で<ruby>働き<rt>はたらき</rt></ruby>ます -- work at the company;<br> <ruby>東京<rt>とーきょー</rt></ruby>で<ruby>働き<rt>はたらき</rt></ruby>ます -- work in Tokyo"
"はなす","話す","to talk","<ruby>友達<rt>ともだち</rt></ruby>とカフェで<ruby>会っ<rt>あっ</rt></ruby>て、いろいろなことを<ruby>話し<rt>はなし</rt></ruby>ました。<ruby>学校<rt>がっこー</rt></ruby>のことや、<ruby>趣味<rt>しゅみ</rt></ruby>のこと、<ruby>将来<rt>しょーらい</rt></ruby>のことなど、たくさん<ruby>話し<rt>はなし</rt></ruby>ました。","I met a friend at a cafe and we talked about various things. We talked a lot about school, hobbies, and future plans.","<ruby>友達<rt>ともだち</rt></ruby>と<ruby>話し<rt>はなし</rt></ruby>ます -- talk with friends;<br> <ruby>先生<rt>せんせー</rt></ruby>と<ruby>話し<rt>はなし</rt></ruby>ます -- talk with the teacher"
"はらう","払う","to pay","<ruby>買い物<rt>かいもの</rt></ruby>した<ruby>後<rt>あと</rt></ruby>で、レジでお<ruby>金<rt>かね</rt></ruby>を<ruby>払い<rt>はらい</rt></ruby>ます。クレジットカードで<ruby>払う<rt>はらう</rt></ruby>こともできます。","After shopping, I pay at the register. You can also pay with a credit card.","お<ruby>金<rt>かね</rt></ruby>を<ruby>払い<rt>はらい</rt></ruby>ます -- pay money;<br> レストランで<ruby>払い<rt>はらい</rt></ruby>ます -- pay at the restaurant"
"はれる","晴れる","to be sunny","<ruby>明日<rt>あす</rt></ruby>は<ruby>晴れる<rt>はれる</rt></ruby>でしょう。だから、ピクニックに<ruby>行く<rt>いく</rt></ruby>のが<ruby>楽しみ<rt>たのしみ</rt></ruby>です。","It will probably be sunny tomorrow. So, I'm looking forward to going on a picnic.","<ruby>空<rt>そら</rt></ruby>が<ruby>晴れ<rt>はれ</rt></ruby>ます -- the sky clears up;<br> <ruby>天気<rt>てんき</rt></ruby>が<ruby>晴れ<rt>はれ</rt></ruby>ます -- the weather clears up"
"ひく","弾く","to play a musical instrument","<ruby>私<rt>わたくし</rt></ruby>は<ruby>子供<rt>こども</rt></ruby>の<ruby>頃<rt>ころ</rt></ruby>からピアノを<ruby>弾く<rt>ひく</rt></ruby>のが<ruby>好き<rt>すき</rt></ruby>です。<ruby>週末<rt>しゅーまつ</rt></ruby>には、よくピアノを<ruby>弾い<rt>ひー</rt></ruby>てリラックスします。","I've liked playing the piano since I was a child. On weekends, I often play the piano to relax.","ピアノを<ruby>弾き<rt>ひき</rt></ruby>ます -- play the piano;<br> ギターを<ruby>弾き<rt>ひき</rt></ruby>ます -- play the guitar"
"ひく","引く","to subtract, to draw a line","10から3を<ruby>引く<rt>ひく</rt></ruby>と、7になります。<ruby>算数<rt>さんすー</rt></ruby>の<ruby>宿題<rt>しゅくだい</rt></ruby>で、たくさん<ruby>計算<rt>けーさん</rt></ruby>をしました。","If you subtract 3 from 10, you get 7. I did a lot of calculations for my math homework.","<ruby>線<rt>せん</rt></ruby>を<ruby>引き<rt>ひき</rt></ruby>ます -- draw a line;<br> <ruby>値段<rt>ねだん</rt></ruby>を<ruby>引き<rt>ひき</rt></ruby>ます -- subtract the price"
"ふえる","増える","to increase","<ruby>最近<rt>さいきん</rt></ruby>、<ruby>私<rt>わたくし</rt></ruby>の<ruby>貯金<rt>ちょきん</rt></ruby>が<ruby>増え<rt>ふえ</rt></ruby>ました。アルバイトを<ruby>頑張っ<rt>がんばっ</rt></ruby>たからです。","Recently, my savings have increased. It's because I worked hard at my part-time job.","<ruby>人口<rt>じんこー</rt></ruby>が<ruby>増え<rt>ふえ</rt></ruby>ます -- the population increases;<br> <ruby>貯金<rt>ちょきん</rt></ruby>が<ruby>増え<rt>ふえ</rt></ruby>ます -- savings increase"
"（あめが）ふる","（雨が）降る","to rain","<ruby>今日<rt>きょー</rt></ruby>は<ruby>一<rt>いち</rt></ruby><ruby>日中<rt>にっちゅー</rt></ruby><ruby>雨<rt>う</rt></ruby>が<ruby>降る<rt>ふる</rt></ruby>でしょう。<ruby>傘<rt>かさ</rt></ruby>を<ruby>持っ<rt>もっ</rt></ruby>て<ruby>出かける<rt>でかける</rt></ruby>ことを<ruby>忘れ<rt>わすれ</rt></ruby>ないでください。","It will probably rain all day today. Don't forget to bring an umbrella when you go out.","<ruby>雨<rt>あめ</rt></ruby>が<ruby>降り<rt>ふり</rt></ruby>ます -- it rains;<br> <ruby>大雨<rt>おーあめ</rt></ruby>が<ruby>降り<rt>ふり</rt></ruby>ます -- it rains heavily"
"へる","減る","to decrease","ダイエットを<ruby>始め<rt>はじめ</rt></ruby>てから、<ruby>体重<rt>たいじゅー</rt></ruby>が<ruby>少し<rt>すこし</rt></ruby><ruby>減り<rt>へり</rt></ruby>ました。<ruby>運動<rt>うんどー</rt></ruby>と<ruby>食事<rt>しょくじ</rt></ruby>に<ruby>気<rt>き</rt></ruby>を<ruby>付け<rt>つけ</rt></ruby>ています。","Since I started dieting, my weight has decreased a little. I am paying attention to exercise and diet.","<ruby>体重<rt>たいじゅー</rt></ruby>が<ruby>減り<rt>へり</rt></ruby>ます -- weight decreases;<br> <ruby>貯金<rt>ちょきん</rt></ruby>が<ruby>減り<rt>へり</rt></ruby>ます -- savings decrease"
"まがる","曲がる","to turn","<ruby>次<rt>つぎ</rt></ruby>の<ruby>角<rt>かど</rt></ruby>を<ruby>右<rt>みぎ</rt></ruby>に<ruby>曲がる<rt>まがる</rt></ruby>と、<ruby>私<rt>わたくし</rt></ruby>の<ruby>家<rt>いえ</rt></ruby>があります。<ruby>駅<rt>えき</rt></ruby>からはまっすぐ<ruby>来<rt>き</rt></ruby>てください。","If you turn right at the next corner, you'll find my house. Please come straight from the station.","<ruby>角<rt>かど</rt></ruby>を<ruby>曲がり<rt>まがり</rt></ruby>ます -- turn at the corner;<br> <ruby>右<rt>みぎ</rt></ruby>に<ruby>曲がり<rt>まがり</rt></ruby>ます -- turn right"
"まける","負ける","to lose","サッカーの<ruby>試合<rt>しあい</rt></ruby>で、<ruby>私<rt>わたくし</rt></ruby>たちは<ruby>相手<rt>あいて</rt></ruby>のチームに<ruby>負け<rt>まけ</rt></ruby>てしまいました。でも、<ruby>最後<rt>さいご</rt></ruby>まで<ruby>頑張り<rt>がんばり</rt></ruby>ました。","In the soccer game, we lost to the opposing team. But we tried our best until the end.","<ruby>試合<rt>しあい</rt></ruby>に<ruby>負け<rt>まけ</rt></ruby>ます -- lose the match;<br> <ruby>競争<rt>きょーそー</rt></ruby>に<ruby>負け<rt>まけ</rt></ruby>ます -- lose the competition"
"まちがえる","間違える","to make a mistake","テストで、<ruby>簡単<rt>かんたん</rt></ruby>な<ruby>問題<rt>もんだい</rt></ruby>を<ruby>間違え<rt>まちがえ</rt></ruby>てしまいました。もっと<ruby>注意<rt>ちゅーい</rt></ruby>しないといけません。","I made a mistake on an easy question on the test. I have to be more careful.","<ruby>答え<rt>こたえ</rt></ruby>を<ruby>間違え<rt>まちがえ</rt></ruby>ます -- make a mistake in the answer;<br> <ruby>計算<rt>けーさん</rt></ruby>を<ruby>間違え<rt>まちがえ</rt></ruby>ます -- make a mistake in the calculation"
"まつ","待つ","to wait","バスが<ruby>来る<rt>くる</rt></ruby>のをバス<ruby>停<rt>てー</rt></ruby>で<ruby>待っ<rt>まっ</rt></ruby>ています。あと5<ruby>分<rt>ふん</rt></ruby>くらいで<ruby>来る<rt>くる</rt></ruby>はずです。","I am waiting for the bus at the bus stop. It should arrive in about 5 minutes.","<ruby>友達<rt>ともだち</rt></ruby>を<ruby>待ち<rt>まち</rt></ruby>ます -- wait for a friend;<br> <ruby>電車<rt>でんしゃ</rt></ruby>を<ruby>待ち<rt>まち</rt></ruby>ます -- wait for the train"
"みえる","見える","to be visible","<ruby>私<rt>わたくし</rt></ruby>の<ruby>部屋<rt>へや</rt></ruby>から、<ruby>海<rt>うみ</rt></ruby>が<ruby>見え<rt>みえ</rt></ruby>ます。<ruby>特に<rt>とくに</rt></ruby>、<ruby>夕日<rt>ゆーひ</rt></ruby>の<ruby>時間<rt>じかん</rt></ruby>にはとてもきれいです。","You can see the ocean from my room. It is especially beautiful at sunset.","<ruby>富士<rt>ふじ</rt></ruby><ruby>山<rt>やま</rt></ruby>が<ruby>見え<rt>みえ</rt></ruby>ます -- Mt. Fuji is visible;<br> <ruby>景色<rt>けしき</rt></ruby>が<ruby>見え<rt>みえ</rt></ruby>ます -- the scenery is visible"
"みがく","磨く","to polish","<ruby>毎朝<rt>まいあさ</rt></ruby>、<ruby>歯<rt>は</rt></ruby>を<ruby>磨き<rt>みがき</rt></ruby>ます。<ruby>虫歯<rt>むしば</rt></ruby>にならないように、<ruby>丁寧<rt>てーねー</rt></ruby>に<ruby>磨き<rt>みがき</rt></ruby>ます。","I brush my teeth every morning. I brush them carefully so I don't get cavities.","<ruby>歯<rt>は</rt></ruby>を<ruby>磨き<rt>みがき</rt></ruby>ます -- brush teeth;<br> <ruby>靴<rt>くつ</rt></ruby>を<ruby>磨き<rt>みがき</rt></ruby>ます -- polish shoes"
"みせる","見せる","to show","<ruby>友達<rt>ともだち</rt></ruby>に<ruby>旅行<rt>りょこー</rt></ruby>の<ruby>写真<rt>しゃしん</rt></ruby>を<ruby>見せ<rt>みせ</rt></ruby>ました。とても<ruby>喜ん<rt>よろこん</rt></ruby>でくれました。","I showed my travel photos to my friend. She was very happy.","<ruby>写真<rt>しゃしん</rt></ruby>を<ruby>見せ<rt>みせ</rt></ruby>ます -- show a photo;<br> パスポートを<ruby>見せ<rt>みせ</rt></ruby>ます -- show a passport"
"みつける","見つける","to find","<ruby>公園<rt>こーえん</rt></ruby>で、<ruby>四<rt>よん</rt></ruby>つ<ruby>葉<rt>よー</rt></ruby>のクローバーを<ruby>見つけ<rt>みつけ</rt></ruby>ました。とてもラッキーな<ruby>気分<rt>きぶん</rt></ruby>です。","I found a four-leaf clover in the park. I feel very lucky.","<ruby>鍵<rt>かぎ</rt></ruby>を<ruby>見つけ<rt>みつけ</rt></ruby>ます -- find the key;<br> <ruby>仕事<rt>しごと</rt></ruby>を<ruby>見つけ<rt>みつけ</rt></ruby>ます -- find a job"
"みる","見る","to see, to watch, to look","<ruby>週末<rt>しゅーまつ</rt></ruby>には、<ruby>映画<rt>えーが</rt></ruby>を<ruby>見る<rt>みる</rt></ruby>のが<ruby>好き<rt>すき</rt></ruby>です。<ruby>特に<rt>とくに</rt></ruby>、アクション<ruby>映画<rt>えーが</rt></ruby>が<ruby>好き<rt>すき</rt></ruby>です。","I like to watch movies on the weekends. I especially like action movies.","<ruby>映画<rt>えーが</rt></ruby>を<ruby>見<rt>み</rt></ruby>ます -- watch a movie;<br> テレビを<ruby>見<rt>み</rt></ruby>ます -- watch TV"
"もつ","持つ","to hold, to carry","<ruby>重い<rt>おもい</rt></ruby><ruby>荷物<rt>にもつ</rt></ruby>を<ruby>持っ<rt>もっ</rt></ruby>ているので、<ruby>手伝っ<rt>てつだっ</rt></ruby>てくれませんか？","I'm carrying a heavy bag, could you help me?","<ruby>荷物<rt>にもつ</rt></ruby>を<ruby>持ち<rt>もち</rt></ruby>ます -- hold luggage;<br> <ruby>傘<rt>かさ</rt></ruby>を<ruby>持ち<rt>もち</rt></ruby>ます -- carry an umbrella"
"もっていく","持って行く","to take something","ピクニックにサンドイッチを<ruby>持っ<rt>もっ</rt></ruby>て<ruby>行き<rt>いき</rt></ruby>ます。みんなで<ruby>食べる<rt>たべる</rt></ruby>のが<ruby>楽しみ<rt>たのしみ</rt></ruby>です。","I'll take sandwiches to the picnic. I'm looking forward to eating them with everyone.","プレゼントを<ruby>持っ<rt>もっ</rt></ruby>て<ruby>行き<rt>いき</rt></ruby>ます -- take a present;<br> <ruby>弁当<rt>べんとー</rt></ruby>を<ruby>持っ<rt>もっ</rt></ruby>て<ruby>行き<rt>いき</rt></ruby>ます -- take a lunch box"
"もってくる","持って来る","to bring something","パーティーに<ruby>飲み物<rt>のみもの</rt></ruby>を<ruby>持っ<rt>もっ</rt></ruby>て<ruby>来<rt>き</rt></ruby>てください。みんなで<ruby>楽しく<rt>たのしく</rt></ruby><ruby>飲み<rt>のみ</rt></ruby>ましょう。","Please bring drinks to the party. Let's have fun drinking together.","お<ruby>土産<rt>みやげ</rt></ruby>を<ruby>持っ<rt>もっ</rt></ruby>て<ruby>来<rt>き</rt></ruby>ます -- bring a souvenir;<br> <ruby>飲み物<rt>のみもの</rt></ruby>を<ruby>持っ<rt>もっ</rt></ruby>て<ruby>来<rt>き</rt></ruby>ます -- bring a drink"
"もどる","戻る","to return","<ruby>家<rt>いえ</rt></ruby>に<ruby>帰っ<rt>かえっ</rt></ruby>て、すぐに<ruby>宿題<rt>しゅくだい</rt></ruby>をしました。<ruby>疲れ<rt>つかれ</rt></ruby>ていたので、<ruby>少し<rt>すこし</rt></ruby><ruby>休み<rt>やすみ</rt></ruby>ました。","I returned home and did my homework right away. I was tired, so I rested a little.","<ruby>家<rt>いえ</rt></ruby>に<ruby>帰り<rt>かえり</rt></ruby>ます -- return home;<br> <ruby>元<rt>もと</rt></ruby>の<ruby>場所<rt>ばしょ</rt></ruby>に<ruby>戻り<rt>もどり</rt></ruby>ます -- return to the original place"
"もらう","","to receive","<ruby>誕生<rt>たんじょー</rt></ruby><ruby>日<rt>にち</rt></ruby>プレゼントに、<ruby>友達<rt>ともだち</rt></ruby>から<ruby>素敵<rt>すてき</rt></ruby>なネックレスをもらいました。とても<ruby>嬉しい<rt>うれしー</rt></ruby>です。","I received a lovely necklace from my friend as a birthday present. I am very happy.","プレゼントをもらいます -- receive a present;<br> <ruby>給料<rt>きゅーりょー</rt></ruby>をもらいます -- receive a salary"
"やすむ","休む","to rest","<ruby>今日<rt>きょー</rt></ruby>は<ruby>疲れ<rt>つかれ</rt></ruby>たので、<ruby>早く<rt>はやく</rt></ruby><ruby>休む<rt>やすむ</rt></ruby>つもりです。<ruby>明日<rt>あす</rt></ruby>からまた<ruby>頑張り<rt>がんばり</rt></ruby>ます。","I'm tired today, so I plan to rest early. I'll do my best again from tomorrow.","<ruby>仕事<rt>しごと</rt></ruby>を<ruby>休み<rt>やすみ</rt></ruby>ます -- take a break from work;<br> <ruby>学校<rt>がっこー</rt></ruby>を<ruby>休み<rt>やすみ</rt></ruby>ます -- take a break from school"
"（あめが）やむ","（雨が）やむ","to stop (raining)","しばらく<ruby>雨<rt>あめ</rt></ruby>が<ruby>降っ<rt>ふっ</rt></ruby>ていましたが、やっと<ruby>止み<rt>やみ</rt></ruby>ました。<ruby>虹<rt>にじ</rt></ruby>が<ruby>見える<rt>みえる</rt></ruby>かもしれません。","It was raining for a while, but it finally stopped. We might see a rainbow.","<ruby>雨<rt>あめ</rt></ruby>がやみます -- the rain stops;<br> <ruby>大雨<rt>おーあめ</rt></ruby>がやみます -- the heavy rain stops"
"やめる","辞める","to quit","アルバイトを<ruby>辞める<rt>やめる</rt></ruby>ことにしました。<ruby>大学<rt>だいがく</rt></ruby>の<ruby>勉強<rt>べんきょー</rt></ruby>に<ruby>集中<rt>しゅーちゅー</rt></ruby>したいからです。","I decided to quit my part-time job. It's because I want to focus on my university studies.","<ruby>会社<rt>かいしゃ</rt></ruby>を<ruby>辞め<rt>やめ</rt></ruby>ます -- quit the company;<br> タバコをやめます -- quit smoking"
"よぶ","呼ぶ","to call","<ruby>友達<rt>ともだち</rt></ruby>を<ruby>呼ん<rt>よん</rt></ruby>で、<ruby>一緒<rt>いっしょ</rt></ruby>にゲームをしました。とても<ruby>楽しかっ<rt>たのしかっ</rt></ruby>たです。","I called my friends and we played games together. It was very fun.","タクシーを<ruby>呼び<rt>よび</rt></ruby>ます -- call a taxi;<br> <ruby>友達<rt>ともだち</rt></ruby>を<ruby>呼び<rt>よび</rt></ruby>ます -- call a friend"
"よむ","読む","to read","<ruby>寝る<rt>ねる</rt></ruby><ruby>前<rt>まえ</rt></ruby>に、<ruby>本<rt>ほん</rt></ruby>を<ruby>読む<rt>よむ</rt></ruby>のが<ruby>好き<rt>すき</rt></ruby>です。<ruby>特に<rt>とくに</rt></ruby>、ミステリー<ruby>小説<rt>しょーせつ</rt></ruby>が<ruby>好き<rt>すき</rt></ruby>です。","I like to read a book before going to bed. I especially like mystery novels.","<ruby>本<rt>ほん</rt></ruby>を<ruby>読み<rt>よみ</rt></ruby>ます -- read a book;<br> <ruby>新聞<rt>しんぶん</rt></ruby>を<ruby>読み<rt>よみ</rt></ruby>ます -- read a newspaper"
"わかる","分かる","to understand","<ruby>先生<rt>せんせー</rt></ruby>の<ruby>説明<rt>せつめー</rt></ruby>を<ruby>聞い<rt>きー</rt></ruby>て、やっと<ruby>問題<rt>もんだい</rt></ruby>が<ruby>分かり<rt>わかり</rt></ruby>ました。ありがとうございます。","After listening to the teacher's explanation, I finally understood the problem. Thank you very much.","<ruby>意味<rt>いみ</rt></ruby>が<ruby>分かり<rt>わかり</rt></ruby>ます -- understand the meaning;<br> <ruby>日本<rt>にっぽん</rt></ruby><ruby>語<rt>ご</rt></ruby>が<ruby>分かり<rt>わかり</rt></ruby>ます -- understand Japanese"
"わすれる","忘れる","to forget","<ruby>大事<rt>だいじ</rt></ruby>な<ruby>約束<rt>やくそく</rt></ruby>を<ruby>忘れ<rt>わすれ</rt></ruby>てしまいました。<ruby>友達<rt>ともだち</rt></ruby>に<ruby>謝ら<rt>あやまら</rt></ruby>なければなりません。","I forgot an important appointment. I have to apologize to my friend.","<ruby>名前<rt>なまえ</rt></ruby>を<ruby>忘れ<rt>わすれ</rt></ruby>ます -- forget the name;<br> <ruby>約束<rt>やくそく</rt></ruby>を<ruby>忘れ<rt>わすれ</rt></ruby>ます -- forget the appointment"
"わらう","笑う","to laugh","<ruby>面白い<rt>おもしろい</rt></ruby><ruby>映画<rt>えーが</rt></ruby>を<ruby>見<rt>み</rt></ruby>て、たくさん<ruby>笑い<rt>わらい</rt></ruby>ました。ストレスが<ruby>解消<rt>かいしょー</rt></ruby>されました。","I watched a funny movie and laughed a lot. It relieved my stress.","<ruby>面白い<rt>おもしろい</rt></ruby><ruby>話<rt>はなし</rt></ruby>で<ruby>笑い<rt>わらい</rt></ruby>ます -- laugh at a funny story;<br> みんなで<ruby>笑い<rt>わらい</rt></ruby>ます -- laugh together"
"あがる","上がる","to rise","<ruby>気温<rt>きおん</rt></ruby>が<ruby>上がっ<rt>あがっ</rt></ruby>て、とても<ruby>暑く<rt>あつく</rt></ruby>なりました。アイスクリームを<ruby>食べ<rt>たべ</rt></ruby>たいです。","The temperature has risen, and it has become very hot. I want to eat ice cream.","<ruby>階段<rt>かいだん</rt></ruby>を<ruby>上がり<rt>あがり</rt></ruby>ます -- go up the stairs;<br> <ruby>気温<rt>きおん</rt></ruby>が<ruby>上がり<rt>あがり</rt></ruby>ます -- the temperature rises"
"あく","開く","to open","ドアが<ruby>開い<rt>ひらい</rt></ruby>ています。<ruby>誰<rt>だれ</rt></ruby>かが<ruby>入っ<rt>はいっ</rt></ruby>たかもしれません。","The door is open. Someone might have entered.","ドアが<ruby>開き<rt>ひらき</rt></ruby>ます -- the door opens;<br> <ruby>窓<rt>まど</rt></ruby>が<ruby>開き<rt>ひらき</rt></ruby>ます -- the window opens"
"あげる","上げる","to raise","<ruby>手<rt>て</rt></ruby>を<ruby>上げ<rt>あげ</rt></ruby>て、<ruby>先生<rt>せんせー</rt></ruby>に<ruby>質問<rt>しつもん</rt></ruby>しました。<ruby>分から<rt>わから</rt></ruby>ないことがあったからです。","I raised my hand and asked the teacher a question. It was because there was something I didn't understand.","<ruby>手<rt>て</rt></ruby>を<ruby>上げ<rt>あげ</rt></ruby>ます -- raise a hand;<br> <ruby>値段<rt>ねだん</rt></ruby>を<ruby>上げ<rt>あげ</rt></ruby>ます -- raise the price"
"（シャワーを）あびる","（シャワーを）浴びる","to have a shower","<ruby>運動<rt>うんどー</rt></ruby>した<ruby>後<rt>あと</rt></ruby>で、シャワーを<ruby>浴び<rt>あび</rt></ruby>ます。さっぱりして<ruby>気持ち<rt>きもち</rt></ruby>がいいです。","I take a shower after exercising. It's refreshing and feels good.","シャワーを<ruby>浴び<rt>あび</rt></ruby>ます -- have a shower;<br> <ruby>朝<rt>あさ</rt></ruby>シャワーを<ruby>浴び<rt>あび</rt></ruby>ます -- have a shower in the morning"
"いきる","生きる","to live","<ruby>私<rt>わたくし</rt></ruby>たちは<ruby>毎日<rt>まいにち</rt></ruby><ruby>一生<rt>いっしょー</rt></ruby><ruby>懸命<rt>けんめー</rt></ruby><ruby>生き<rt>いき</rt></ruby>ています。<ruby>未来<rt>みらい</rt></ruby>のために<ruby>頑張り<rt>がんばり</rt></ruby>ます。","We are living hard every day. We are doing our best for the future.","<ruby>日本<rt>にっぽん</rt></ruby>で<ruby>生き<rt>いき</rt></ruby>ます -- live in Japan;<br> <ruby>幸せ<rt>しあわせ</rt></ruby>に<ruby>生き<rt>いき</rt></ruby>ます -- live happily"
"いじめる","","to bully","<ruby>友達<rt>ともだち</rt></ruby>をいじめるのは、<ruby>絶対<rt>ぜったい</rt></ruby>にやってはいけません。みんな<ruby>仲良く<rt>なかよく</rt></ruby>しましょう。","You should never bully your friends. Let's all get along.","<ruby>友達<rt>ともだち</rt></ruby>をいじめます -- bully a friend;<br> <ruby>弱い<rt>よわい</rt></ruby><ruby>人<rt>ひと</rt></ruby>をいじめます -- bully a weak person"
"いる","要る","to need","<ruby>新しい<rt>あたらしー</rt></ruby>パソコンが<ruby>要り<rt>いり</rt></ruby>ます。<ruby>今<rt>いま</rt></ruby>のパソコンが<ruby>古く<rt>ふるく</rt></ruby>なったからです。","I need a new computer. It's because my current computer is old.","お<ruby>金<rt>かね</rt></ruby>が<ruby>要り<rt>いり</rt></ruby>ます -- need money;<br> <ruby>助け<rt>たすけ</rt></ruby>が<ruby>要り<rt>いり</rt></ruby>ます -- need help"
"（しけんに）うかる","（試験に）受かる","to pass (an exam)","<ruby>一生<rt>いっしょー</rt></ruby><ruby>懸命<rt>けんめー</rt></ruby><ruby>勉強<rt>べんきょー</rt></ruby>したので、<ruby>試験<rt>しけん</rt></ruby>に<ruby>受かり<rt>うかり</rt></ruby>ました。とても<ruby>嬉しい<rt>うれしー</rt></ruby>です。","I studied hard, so I passed the exam. I am very happy.","<ruby>試験<rt>しけん</rt></ruby>に<ruby>受かり<rt>うかり</rt></ruby>ます -- pass the exam;<br> <ruby>大学<rt>だいがく</rt></ruby>に<ruby>受かり<rt>うかり</rt></ruby>ます -- pass the university entrance exam"
"うける","受ける","to receive, to take an exam","<ruby>明日<rt>あす</rt></ruby>、<ruby>大学<rt>だいがく</rt></ruby>の<ruby>入学<rt>にゅーがく</rt></ruby><ruby>試験<rt>しけん</rt></ruby>を<ruby>受け<rt>うけ</rt></ruby>ます。<ruby>緊張<rt>きんちょー</rt></ruby>しますが、<ruby>頑張り<rt>がんばり</rt></ruby>ます。","I will take the university entrance exam tomorrow. I'm nervous, but I'll do my best.","<ruby>試験<rt>しけん</rt></ruby>を<ruby>受け<rt>うけ</rt></ruby>ます -- take an exam;<br> <ruby>授業<rt>じゅぎょー</rt></ruby>を<ruby>受け<rt>うけ</rt></ruby>ます -- attend a class"
"うつ","打つ","to hit","テニスボールをラケットで<ruby>打ち<rt>うち</rt></ruby>ました。<ruby>強く<rt>つよく</rt></ruby><ruby>打つ<rt>うつ</rt></ruby>のは<ruby>難しい<rt>むずかしー</rt></ruby>です。","I hit the tennis ball with a racket. Hitting it hard is difficult.","ボールを<ruby>打ち<rt>うち</rt></ruby>ます -- hit a ball;<br> キーボードを<ruby>打ち<rt>うち</rt></ruby>ます -- type on the keyboard"
"おく","置く","to place, to put","<ruby>机<rt>つくえ</rt></ruby>の<ruby>上<rt>うえ</rt></ruby>に<ruby>本<rt>ほん</rt></ruby>を<ruby>置き<rt>おき</rt></ruby>ました。<ruby>後<rt>あと</rt></ruby>で<ruby>読む<rt>よむ</rt></ruby>つもりです。","I put the book on the desk. I plan to read it later.","<ruby>机<rt>つくえ</rt></ruby>の<ruby>上<rt>うえ</rt></ruby>に<ruby>本<rt>ほん</rt></ruby>を<ruby>置き<rt>おき</rt></ruby>ます -- put a book on the desk;<br> <ruby>部屋<rt>へや</rt></ruby>に<ruby>荷物<rt>にもつ</rt></ruby>を<ruby>置き<rt>おき</rt></ruby>ます -- put luggage in the room"
"おくれる","遅れる","to be late","<ruby>電車<rt>でんしゃ</rt></ruby>が<ruby>遅れ<rt>おくれ</rt></ruby>て、<ruby>学校<rt>がっこー</rt></ruby>に<ruby>遅れ<rt>おくれ</rt></ruby>てしまいました。すみません。","The train was delayed, so I was late for school. I'm sorry.","<ruby>電車<rt>でんしゃ</rt></ruby>に<ruby>遅れ<rt>おくれ</rt></ruby>ます -- be late for the train;<br> <ruby>授業<rt>じゅぎょー</rt></ruby>に<ruby>遅れ<rt>おくれ</rt></ruby>ます -- be late for class"
"おちる","落ちる","to fall","<ruby>木<rt>き</rt></ruby>から<ruby>葉<rt>は</rt></ruby>が<ruby>落ち<rt>おち</rt></ruby>ました。<ruby>秋<rt>あき</rt></ruby>になったからです。","Leaves fell from the tree. It's because it became autumn.","<ruby>木<rt>き</rt></ruby>から<ruby>落ち<rt>おち</rt></ruby>ます -- fall from a tree;<br> <ruby>地面<rt>じめん</rt></ruby>に<ruby>落ち<rt>おち</rt></ruby>ます -- fall to the ground"
"おもいだす","思い出す","to recall","<ruby>昔<rt>むかし</rt></ruby>の<ruby>友達<rt>ともだち</rt></ruby>のことを<ruby>思い出し<rt>おもいだし</rt></ruby>ました。また<ruby>会い<rt>あい</rt></ruby>たいです。","I recalled my old friends. I want to see them again.","<ruby>昔<rt>むかし</rt></ruby>のことを<ruby>思い出し<rt>おもいだし</rt></ruby>ます -- recall old times;<br> <ruby>名前<rt>なまえ</rt></ruby>を<ruby>思い出し<rt>おもいだし</rt></ruby>ます -- recall the name"
"かえる","変える、替える、換える","to change","<ruby>髪<rt>かみ</rt></ruby>の<ruby>色<rt>いろ</rt></ruby>を<ruby>変え<rt>かえ</rt></ruby>ました。<ruby>新しい<rt>あたらしー</rt></ruby><ruby>自分<rt>じぶん</rt></ruby>になった<ruby>気分<rt>きぶん</rt></ruby>です。","I changed my hair color. I feel like I've become a new me.","<ruby>髪型<rt>かみがた</rt></ruby>を<ruby>変え<rt>かえ</rt></ruby>ます -- change hairstyle;<br> <ruby>服<rt>ふく</rt></ruby>を<ruby>着替え<rt>きがえ</rt></ruby>ます -- change clothes"
"かたづける","片づける","to tidy up","<ruby>部屋<rt>へや</rt></ruby>を<ruby>片づけ<rt>かたずけ</rt></ruby>ます。きれいにすると、<ruby>気持ち<rt>きもち</rt></ruby>がいいです。","I will tidy up my room. It feels good to clean it up.","<ruby>部屋<rt>へや</rt></ruby>を<ruby>片づけ<rt>かたずけ</rt></ruby>ます -- tidy up the room;<br> <ruby>机<rt>つくえ</rt></ruby>を<ruby>片づけ<rt>かたずけ</rt></ruby>ます -- tidy up the desk"
"かむ","","to chew","このガムは<ruby>味<rt>あじ</rt></ruby>が<ruby>長い<rt>ながい</rt></ruby>から、ずっとかんでいられます。","This gum has a long-lasting flavor, so you can chew it for a long time.","ガムをかみます -- chew gum;<br> よくかみます -- chew well"
"かわる","変わる","to change","<ruby>生活<rt>せーかつ</rt></ruby>はいつも<ruby>変わる<rt>かわる</rt></ruby>から、<ruby>新しい<rt>あたらしー</rt></ruby>ことに<ruby>慣れる<rt>なれる</rt></ruby>のは<ruby>大切<rt>たいせつ</rt></ruby>です。","Life always changes, so it's important to get used to new things.","<ruby>天気<rt>てんき</rt></ruby>が<ruby>変わり<rt>かわり</rt></ruby>ます -- the weather changes;<br> <ruby>意見<rt>いけん</rt></ruby>が<ruby>変わり<rt>かわり</rt></ruby>ます -- opinions change"
"きまる","決まる","to be decided","<ruby>旅行<rt>りょこー</rt></ruby>の<ruby>日程<rt>にってー</rt></ruby>はもう<ruby>決まり<rt>きまり</rt></ruby>ましたか？まだなら、<ruby>早く<rt>はやく</rt></ruby><ruby>決め<rt>きめ</rt></ruby>ましょう。","Has the travel itinerary been decided yet? If not, let's decide quickly.","<ruby>会議<rt>かいぎ</rt></ruby>の<ruby>日程<rt>にってー</rt></ruby>が<ruby>決まり<rt>きまり</rt></ruby>ます -- the meeting schedule is decided;<br> <ruby>目的<rt>もくてき</rt></ruby><ruby>地<rt>ち</rt></ruby>が<ruby>決まり<rt>きまり</rt></ruby>ます -- the destination is decided"
"きる","切る","to cut","<ruby>料理<rt>りょーり</rt></ruby>をする<ruby>前<rt>まえ</rt></ruby>に、<ruby>野菜<rt>やさい</rt></ruby>を<ruby>小さく<rt>ちーさく</rt></ruby><ruby>切る<rt>きる</rt></ruby>ことが<ruby>必要<rt>ひつよー</rt></ruby>です。","Before cooking, it is necessary to cut the vegetables into small pieces.","<ruby>紙<rt>かみ</rt></ruby>を<ruby>切り<rt>きり</rt></ruby>ます -- cut paper;<br> ケーキを<ruby>切り<rt>きり</rt></ruby>ます -- cut a cake"
"きをつける","気を付ける","to be careful","<ruby>道<rt>みち</rt></ruby>が<ruby>滑り<rt>すべり</rt></ruby>やすいから、<ruby>歩く<rt>あるく</rt></ruby><ruby>時<rt>とき</rt></ruby>に<ruby>気<rt>き</rt></ruby>を<ruby>付け<rt>つけ</rt></ruby>てください。","The road is slippery, so please be careful when walking.","<ruby>車<rt>くるま</rt></ruby>に<ruby>気<rt>き</rt></ruby>を<ruby>付け<rt>つけ</rt></ruby>ます -- be careful of cars;<br> <ruby>健康<rt>けんこー</rt></ruby>に<ruby>気<rt>き</rt></ruby>を<ruby>付け<rt>つけ</rt></ruby>ます -- be careful of your health"
"くらべる","比べる","to compare","この<ruby>二<rt>ふた</rt></ruby>つのりんごを<ruby>比べ<rt>くらべ</rt></ruby>て、どちらが<ruby>甘い<rt>あまい</rt></ruby>か<ruby>教え<rt>おしえ</rt></ruby>てください。","Compare these two apples and tell me which one is sweeter.","<ruby>二<rt>ふた</rt></ruby>つの<ruby>絵<rt>え</rt></ruby>を<ruby>比べ<rt>くらべ</rt></ruby>ます -- compare two pictures;<br> <ruby>性能<rt>せーのー</rt></ruby>を<ruby>比べ<rt>くらべ</rt></ruby>ます -- compare performance"
"けす","消す","to switch off","<ruby>寝る<rt>ねる</rt></ruby><ruby>前<rt>まえ</rt></ruby>に、<ruby>電気<rt>でんき</rt></ruby>を<ruby>消す<rt>けす</rt></ruby>ことを<ruby>忘れ<rt>わすれ</rt></ruby>ないでくださいね。","Don't forget to turn off the lights before going to bed, okay?","<ruby>電気<rt>でんき</rt></ruby>を<ruby>消し<rt>けし</rt></ruby>ます -- turn off the light;<br> テレビを<ruby>消し<rt>けし</rt></ruby>ます -- turn off the TV"
"こまる","困る","to be in trouble, to be stuck","<ruby>日本<rt>にっぽん</rt></ruby><ruby>語<rt>ご</rt></ruby>がまだ<ruby>上手<rt>じょーず</rt></ruby>じゃないから、<ruby>道<rt>みち</rt></ruby>に<ruby>迷う<rt>まよう</rt></ruby>と<ruby>本当<rt>ほんとー</rt></ruby>に<ruby>困り<rt>こまり</rt></ruby>ます。","Because my Japanese is not yet good, I am really in trouble if I get lost.","お<ruby>金<rt>かね</rt></ruby>に<ruby>困り<rt>こまり</rt></ruby>ます -- be in trouble with money;<br> <ruby>道<rt>みち</rt></ruby>に<ruby>迷っ<rt>まよっ</rt></ruby>て<ruby>困り<rt>こまり</rt></ruby>ます -- be lost and in trouble"
"ころぶ","転ぶ","to fall over","<ruby>雪<rt>ゆき</rt></ruby>の<ruby>道<rt>みち</rt></ruby>で<ruby>転ん<rt>ころん</rt></ruby>で、<ruby>足<rt>あし</rt></ruby>を<ruby>怪我<rt>けが</rt></ruby>してしまいました。","I fell on the snowy road and injured my leg.","<ruby>道<rt>みち</rt></ruby>で<ruby>転び<rt>ころび</rt></ruby>ます -- fall on the road;<br> <ruby>雪道<rt>せつどー</rt></ruby>で<ruby>転び<rt>ころび</rt></ruby>ます -- fall on a snowy road"
"こわす","壊す","to break","<ruby>子供<rt>こども</rt></ruby>が<ruby>遊ん<rt>あそん</rt></ruby>でいる<ruby>時<rt>とき</rt></ruby>に、<ruby>誤っ<rt>あやまっ</rt></ruby>て<ruby>花瓶<rt>かびん</rt></ruby>を<ruby>壊し<rt>こわし</rt></ruby>てしまいました。","The child accidentally broke the vase while playing.","おもちゃを<ruby>壊し<rt>こわし</rt></ruby>ます -- break a toy;<br> <ruby>約束<rt>やくそく</rt></ruby>を<ruby>壊し<rt>こわし</rt></ruby>ます -- break a promise"
"こわれる","壊れる","to be broken","この<ruby>椅子<rt>いす</rt></ruby>は<ruby>古く<rt>ふるく</rt></ruby>て、<ruby>座る<rt>すわる</rt></ruby>とすぐに<ruby>壊れ<rt>こわれ</rt></ruby>てしまいそうです。","This chair is old and looks like it will break soon if you sit on it.","<ruby>時計<rt>とけー</rt></ruby>が<ruby>壊れ<rt>こわれ</rt></ruby>ます -- the watch breaks;<br> パソコンが<ruby>壊れ<rt>こわれ</rt></ruby>ます -- the computer breaks"
"さがす","探す","to search for","<ruby>昨日<rt>きのー</rt></ruby>なくした<ruby>鍵<rt>かぎ</rt></ruby>を、<ruby>今<rt>いま</rt></ruby><ruby>一生<rt>いっしょー</rt></ruby><ruby>懸命<rt>けんめー</rt></ruby><ruby>探し<rt>さがし</rt></ruby>ているんです。","I'm searching desperately for the key I lost yesterday.","<ruby>鍵<rt>かぎ</rt></ruby>を<ruby>探し<rt>さがし</rt></ruby>ます -- search for the key;<br> <ruby>仕事<rt>しごと</rt></ruby>を<ruby>探し<rt>さがし</rt></ruby>ます -- search for a job"
"さがる","下がる","to fall","<ruby>熱<rt>ねつ</rt></ruby>がなかなか<ruby>下がら<rt>さがら</rt></ruby>ないので、<ruby>病院<rt>びょーいん</rt></ruby>へ<ruby>行く<rt>いく</rt></ruby>ことにしました。","My fever won't go down, so I decided to go to the hospital.","<ruby>気温<rt>きおん</rt></ruby>が<ruby>下がり<rt>さがり</rt></ruby>ます -- the temperature falls;<br> <ruby>値段<rt>ねだん</rt></ruby>が<ruby>下がり<rt>さがり</rt></ruby>ます -- the price falls"
"さく","咲く","to bloom","<ruby>春<rt>はる</rt></ruby>になると、<ruby>庭<rt>にわ</rt></ruby>にたくさんの<ruby>花<rt>はな</rt></ruby>が<ruby>咲く<rt>さく</rt></ruby>のが<ruby>楽しみ<rt>たのしみ</rt></ruby>です。","I'm looking forward to many flowers blooming in the garden when spring comes.","<ruby>花<rt>はな</rt></ruby>が<ruby>咲き<rt>さき</rt></ruby>ます -- flowers bloom;<br> <ruby>桜<rt>さくら</rt></ruby>が<ruby>咲き<rt>さき</rt></ruby>ます -- cherry blossoms bloom"
"さわる","触る","to touch","<ruby>美術<rt>びじゅつ</rt></ruby><ruby>館<rt>かん</rt></ruby>の<ruby>中<rt>なか</rt></ruby>では、<ruby>展示<rt>てんじ</rt></ruby><ruby>品<rt>ひん</rt></ruby>に<ruby>触ら<rt>さわら</rt></ruby>ないでください。","Please do not touch the exhibits inside the museum.","<ruby>画面<rt>がめん</rt></ruby>に<ruby>触り<rt>さわり</rt></ruby>ます -- touch the screen;<br> <ruby>展示<rt>てんじ</rt></ruby><ruby>品<rt>ひん</rt></ruby>に<ruby>触り<rt>さわり</rt></ruby>ます -- touch the exhibits"
"しまる","閉まる","to close","<ruby>夜<rt>よる</rt></ruby><ruby>遅く<rt>おそく</rt></ruby>なったので、お<ruby>店<rt>みせ</rt></ruby>はもう<ruby>全部<rt>ぜんぶ</rt></ruby><ruby>閉まっ<rt>しまっ</rt></ruby>ていると<ruby>思い<rt>おもい</rt></ruby>ます。","It's late at night, so I think all the shops are already closed.","ドアが<ruby>閉まり<rt>しまり</rt></ruby>ます -- the door closes;<br> <ruby>店<rt>みせ</rt></ruby>が<ruby>閉まり<rt>しまり</rt></ruby>ます -- the store closes"
"しめる","","to wear (belt, etc.)","ズボンが<ruby>少し<rt>すこし</rt></ruby><ruby>大きい<rt>おーきー</rt></ruby>ので、ベルトをしめなければなりません。","My pants are a bit big, so I have to wear a belt.","ベルトを<ruby>締め<rt>しめ</rt></ruby>ます -- wear a belt;<br> ネクタイを<ruby>締め<rt>しめ</rt></ruby>ます -- wear a tie"
"しらべる","調べる","to investigate","<ruby>旅行<rt>りょこー</rt></ruby>に<ruby>行く<rt>いく</rt></ruby><ruby>前<rt>まえ</rt></ruby>に、その<ruby>場所<rt>ばしょ</rt></ruby>についてよく<ruby>調べる<rt>しらべる</rt></ruby><ruby>必要<rt>ひつよー</rt></ruby>があります。","Before going on a trip, you need to research the place well.","<ruby>原因<rt>げんいん</rt></ruby>を<ruby>調べ<rt>しらべ</rt></ruby>ます -- investigate the cause;<br> データを<ruby>調べ<rt>しらべ</rt></ruby>ます -- investigate the data"
"しんじる","信じる","to believe","<ruby>友達<rt>ともだち</rt></ruby>が<ruby>言っ<rt>いっ</rt></ruby>たことを、<ruby>私<rt>わたくし</rt></ruby>は<ruby>全部<rt>ぜんぶ</rt></ruby><ruby>信じる<rt>しんじる</rt></ruby>ことにしました。","I decided to believe everything my friend said.","<ruby>神<rt>かみ</rt></ruby>を<ruby>信じ<rt>しんじ</rt></ruby>ます -- believe in God;<br> <ruby>彼<rt>かれ</rt></ruby>を<ruby>信じ<rt>しんじ</rt></ruby>ます -- believe him"
"たずねる","尋ねる","to ask","<ruby>道<rt>みち</rt></ruby>が<ruby>分から<rt>わから</rt></ruby>なかったので、<ruby>近く<rt>ちかく</rt></ruby>の<ruby>人<rt>ひと</rt></ruby>に<ruby>尋ね<rt>たずね</rt></ruby>てみました。","I didn't know the way, so I tried asking someone nearby.","<ruby>道<rt>みち</rt></ruby>を<ruby>尋ね<rt>たずね</rt></ruby>ます -- ask for directions;<br> <ruby>先生<rt>せんせー</rt></ruby>に<ruby>質問<rt>しつもん</rt></ruby>を<ruby>尋ね<rt>たずね</rt></ruby>ます -- ask the teacher a question"
"たずねる","訪ねる","to visit","<ruby>来週<rt>らいしゅー</rt></ruby>、<ruby>先生<rt>せんせー</rt></ruby>のお<ruby>宅<rt>たく</rt></ruby>を<ruby>訪ねる<rt>たずねる</rt></ruby><ruby>予定<rt>よてー</rt></ruby>です。","I plan to visit my teacher's house next week.","<ruby>友達<rt>ともだち</rt></ruby>の<ruby>家<rt>いえ</rt></ruby>を<ruby>訪ね<rt>たずね</rt></ruby>ます -- visit a friend's house;<br> <ruby>会社<rt>かいしゃ</rt></ruby>を<ruby>訪ね<rt>たずね</rt></ruby>ます -- visit the company"
"たたく","叩く","to strike","ドアをノックする<ruby>時<rt>とき</rt></ruby>、<ruby>強く<rt>つよく</rt></ruby><ruby>叩か<rt>たたか</rt></ruby>ないでください。","Please don't knock too hard when you knock on the door.","ドアを<ruby>叩き<rt>たたき</rt></ruby>ます -- knock on the door;<br> <ruby>太鼓<rt>たいこ</rt></ruby>を<ruby>叩き<rt>たたき</rt></ruby>ます -- beat a drum"
"たのしむ","楽しむ","to enjoy","<ruby>週末<rt>しゅーまつ</rt></ruby>は<ruby>家族<rt>かぞく</rt></ruby>と<ruby>一緒<rt>いっしょ</rt></ruby>に<ruby>公園<rt>こーえん</rt></ruby>でピクニックを<ruby>楽しみ<rt>たのしみ</rt></ruby>たいです。","I want to enjoy a picnic with my family in the park on the weekend.","パーティーを<ruby>楽しみ<rt>たのしみ</rt></ruby>ます -- enjoy the party;<br> <ruby>旅行<rt>りょこー</rt></ruby>を<ruby>楽しみ<rt>たのしみ</rt></ruby>ます -- enjoy the trip"
"たのむ","頼む","to request","もし<ruby>手伝っ<rt>てつだっ</rt></ruby>てくれるなら、あなたにそれを<ruby>頼み<rt>たのみ</rt></ruby>たいです。","If you can help me, I would like to ask you to do it.","<ruby>友達<rt>ともだち</rt></ruby>に<ruby>頼み<rt>たのみ</rt></ruby>ます -- ask a friend;<br> <ruby>先生<rt>せんせー</rt></ruby>に<ruby>頼み<rt>たのみ</rt></ruby>ます -- ask the teacher"
"ついていく","ついて行く","to go (with someone)","<ruby>道<rt>みち</rt></ruby>がわからないから、あなたについて<ruby>行っ<rt>いっ</rt></ruby>てもいいですか？","I don't know the way, so can I go with you?","<ruby>先生<rt>せんせー</rt></ruby>について<ruby>行き<rt>いき</rt></ruby>ます -- go with the teacher;<br> <ruby>友達<rt>ともだち</rt></ruby>について<ruby>行き<rt>いき</rt></ruby>ます -- go with a friend"
"ついてくる","ついて来る","to come (with someone)","<ruby>弟<rt>おとーと</rt></ruby>はいつも<ruby>私<rt>わたくし</rt></ruby>について<ruby>来る<rt>くる</rt></ruby>のが<ruby>好き<rt>すき</rt></ruby>です。","My younger brother always likes to come with me.","<ruby>子供<rt>こども</rt></ruby>がついて<ruby>来<rt>き</rt></ruby>ます -- the child comes along;<br> <ruby>犬<rt>いぬ</rt></ruby>がついて<ruby>来<rt>き</rt></ruby>ます -- the dog comes along"
"つける","付ける","to attach","この<ruby>棚<rt>たな</rt></ruby>を<ruby>壁<rt>かべ</rt></ruby>に<ruby>付ける<rt>つける</rt></ruby>ために、<ruby>特別<rt>とくべつ</rt></ruby>な<ruby>道具<rt>どーぐ</rt></ruby>が<ruby>必要<rt>ひつよー</rt></ruby>です。","Special tools are needed to attach this shelf to the wall.","シールを<ruby>付け<rt>つけ</rt></ruby>ます -- attach a sticker;<br> マスクを<ruby>付け<rt>つけ</rt></ruby>ます -- put on a mask"
"つづく","続く","to continue","<ruby>雨<rt>あめ</rt></ruby>はまだ<ruby>続い<rt>つずい</rt></ruby>ていますが、<ruby>午後<rt>ごご</rt></ruby>には<ruby>止む<rt>やむ</rt></ruby>でしょう。","The rain is still continuing, but it will probably stop in the afternoon.","<ruby>雨<rt>あめ</rt></ruby>が<ruby>続き<rt>つずき</rt></ruby>ます -- the rain continues;<br> <ruby>会議<rt>かいぎ</rt></ruby>が<ruby>続き<rt>つずき</rt></ruby>ます -- the meeting continues"
"つとめる","勤める","to work","<ruby>私<rt>わたくし</rt></ruby>は<ruby>東京<rt>とーきょー</rt></ruby>の<ruby>会社<rt>かいしゃ</rt></ruby>でエンジニアとして<ruby>勤め<rt>つとめ</rt></ruby>ています。","I work as an engineer at a company in Tokyo.","<ruby>会社<rt>かいしゃ</rt></ruby>に<ruby>勤め<rt>つとめ</rt></ruby>ます -- work for a company;<br> <ruby>学校<rt>がっこー</rt></ruby>に<ruby>勤め<rt>つとめ</rt></ruby>ます -- work at a school"
"つれていく","連れて行く","to take (someone)","<ruby>今度<rt>こんど</rt></ruby>、<ruby>子供<rt>こども</rt></ruby>を<ruby>動物<rt>どーぶつ</rt></ruby><ruby>園<rt>えん</rt></ruby>に<ruby>連れ<rt>つれ</rt></ruby>て<ruby>行き<rt>いき</rt></ruby>たいと<ruby>思っ<rt>おもっ</rt></ruby>ています。","I'm thinking of taking my child to the zoo next time.","<ruby>子供<rt>こども</rt></ruby>を<ruby>連れ<rt>つれ</rt></ruby>て<ruby>行き<rt>いき</rt></ruby>ます -- take a child;<br> <ruby>友達<rt>ともだち</rt></ruby>を<ruby>連れ<rt>つれ</rt></ruby>て<ruby>行き<rt>いき</rt></ruby>ます -- take a friend"
"つれてくる","連れて来る","to bring (someone)","パーティーに<ruby>友達<rt>ともだち</rt></ruby>を<ruby>連れ<rt>つれ</rt></ruby>て<ruby>来<rt>き</rt></ruby>てもいいですか。","Is it okay if I bring a friend to the party?","<ruby>友達<rt>ともだち</rt></ruby>を<ruby>連れ<rt>つれ</rt></ruby>て<ruby>来<rt>き</rt></ruby>ます -- bring a friend;<br> <ruby>犬<rt>いぬ</rt></ruby>を<ruby>連れ<rt>つれ</rt></ruby>て<ruby>来<rt>き</rt></ruby>ます -- bring a dog"
"でかける","出かける","to go out","<ruby>今日<rt>きょー</rt></ruby>は<ruby>天気<rt>てんき</rt></ruby>が<ruby>良い<rt>よい</rt></ruby>から、どこかに<ruby>出かけ<rt>でかけ</rt></ruby>ましょう。","The weather is nice today, so let's go out somewhere.","<ruby>買い物<rt>かいもの</rt></ruby>に<ruby>出かけ<rt>でかけ</rt></ruby>ます -- go out shopping;<br> <ruby>食事<rt>しょくじ</rt></ruby>に<ruby>出かけ<rt>でかけ</rt></ruby>ます -- go out for a meal"
"とどける","届ける","to deliver","インターネットで<ruby>注文<rt>ちゅーもん</rt></ruby>した<ruby>本<rt>ほん</rt></ruby>が、<ruby>明日<rt>あす</rt></ruby><ruby>届ける<rt>とどける</rt></ruby><ruby>予定<rt>よてー</rt></ruby>です。","The book I ordered online is scheduled to be delivered tomorrow.","<ruby>荷物<rt>にもつ</rt></ruby>を<ruby>届け<rt>とどけ</rt></ruby>ます -- deliver luggage;<br> <ruby>手紙<rt>てがみ</rt></ruby>を<ruby>届け<rt>とどけ</rt></ruby>ます -- deliver a letter"
"とぶ","飛ぶ、跳ぶ","to fly, to jump","<ruby>鳥<rt>とり</rt></ruby>が<ruby>空<rt>そら</rt></ruby>を<ruby>飛ぶ<rt>とぶ</rt></ruby>のを<ruby>見る<rt>みる</rt></ruby>のが<ruby>好き<rt>すき</rt></ruby>です。","I like watching birds fly in the sky.","<ruby>鳥<rt>とり</rt></ruby>が<ruby>飛び<rt>とび</rt></ruby>ます -- a bird flies;<br> <ruby>高く<rt>たかく</rt></ruby><ruby>飛び<rt>とび</rt></ruby>ます -- jump high"
"とめる","止める","to stop","<ruby>危ない<rt>あぶない</rt></ruby>ので、そこで<ruby>自転<rt>じてん</rt></ruby><ruby>車<rt>しゃ</rt></ruby>を<ruby>止め<rt>とめ</rt></ruby>てください。","It's dangerous, so please stop your bicycle there.","<ruby>車<rt>くるま</rt></ruby>を<ruby>止め<rt>とめ</rt></ruby>ます -- stop the car;<br> タバコを<ruby>止め<rt>とめ</rt></ruby>ます -- stop smoking"
"なおる","治る","to get better","<ruby>風邪<rt>かぜ</rt></ruby>をひいていましたが、<ruby>薬<rt>くすり</rt></ruby>を<ruby>飲ん<rt>のん</rt></ruby>だらすぐに<ruby>治り<rt>なおり</rt></ruby>ました。","I had a cold, but I got better quickly after taking medicine.","<ruby>病気<rt>びょーき</rt></ruby>が<ruby>治り<rt>なおり</rt></ruby>ます -- the illness gets better;<br> <ruby>壊れ<rt>こわれ</rt></ruby>たパソコンが<ruby>治り<rt>なおり</rt></ruby>ます -- the broken computer is repaired"
"なくなる","亡くなる","to pass away","<ruby>祖父<rt>そふ</rt></ruby>は<ruby>去年<rt>きょねん</rt></ruby>の<ruby>夏<rt>なつ</rt></ruby>に<ruby>亡くなり<rt>なくなり</rt></ruby>ました。","My grandfather passed away last summer.","<ruby>祖父<rt>そふ</rt></ruby>が<ruby>亡くなり<rt>なくなり</rt></ruby>ます -- grandfather passes away;<br> <ruby>有名<rt>ゆーめー</rt></ruby>な<ruby>作家<rt>さっか</rt></ruby>が<ruby>亡くなり<rt>なくなり</rt></ruby>ます -- a famous writer passes away"
"なくなる","無くなる","to lose something","<ruby>財布<rt>さいふ</rt></ruby>が<ruby>無くなっ<rt>なくなっ</rt></ruby>て、とても<ruby>困っ<rt>こまっ</rt></ruby>ています。","I lost my wallet and I'm very troubled.","お<ruby>金<rt>かね</rt></ruby>が<ruby>無くなり<rt>なくなり</rt></ruby>ます -- lose money;<br> <ruby>自信<rt>じしん</rt></ruby>が<ruby>無くなり<rt>なくなり</rt></ruby>ます -- lose confidence"
"ならぶ","並ぶ","to line up","<ruby>人気<rt>にんき</rt></ruby>のお<ruby>店<rt>みせ</rt></ruby>なので、いつも<ruby>店<rt>みせ</rt></ruby>の<ruby>前<rt>まえ</rt></ruby>に<ruby>人<rt>ひと</rt></ruby>が<ruby>並ん<rt>ならん</rt></ruby>でいます。","Because it is a popular shop, people are always lining up in front of the shop.","<ruby>人<rt>ひと</rt></ruby>が<ruby>並び<rt>ならび</rt></ruby>ます -- people line up;<br> <ruby>本<rt>ほん</rt></ruby>が<ruby>並び<rt>ならび</rt></ruby>ます -- books line up"
"ならべる","並べる","to line up","<ruby>本棚<rt>ほんだな</rt></ruby>に<ruby>本<rt>ほん</rt></ruby>をきれいに<ruby>並べる<rt>ならべる</rt></ruby>のが<ruby>好き<rt>すき</rt></ruby>です。","I like to line up books neatly on the bookshelf.","<ruby>椅子<rt>いす</rt></ruby>を<ruby>並べ<rt>ならべ</rt></ruby>ます -- line up chairs;<br> <ruby>本<rt>ほん</rt></ruby>を<ruby>並べ<rt>ならべ</rt></ruby>ます -- line up books"
"にげる","逃げる","to run away","<ruby>泥棒<rt>どろぼー</rt></ruby>は<ruby>警察<rt>けーさつ</rt></ruby>から<ruby>逃げ<rt>にげ</rt></ruby>ました。","The thief ran away from the police.","<ruby>泥棒<rt>どろぼー</rt></ruby>が<ruby>逃げ<rt>にげ</rt></ruby>ます -- the thief runs away;<br> <ruby>火事<rt>かじ</rt></ruby>から<ruby>逃げ<rt>にげ</rt></ruby>ます -- run away from a fire"
"にる","似る","to be similar to","<ruby>彼女<rt>かのじょ</rt></ruby>は<ruby>母親<rt>ははおや</rt></ruby>にとても<ruby>似<rt>に</rt></ruby>ていますね。","She looks very similar to her mother, doesn't she?","<ruby>兄弟<rt>きょーだい</rt></ruby>は<ruby>顔<rt>かお</rt></ruby>が<ruby>似<rt>に</rt></ruby>ています -- brothers have similar faces;<br> <ruby>親子<rt>おやこ</rt></ruby>で<ruby>性格<rt>せーかく</rt></ruby>が<ruby>似<rt>に</rt></ruby>ています -- parents and children have similar personalities"
"ぬすむ","盗む","to steal","<ruby>彼<rt>かれ</rt></ruby>は<ruby>店<rt>みせ</rt></ruby>からお<ruby>金<rt>かね</rt></ruby>を<ruby>盗ん<rt>ぬすん</rt></ruby>で、<ruby>逮捕<rt>たいほ</rt></ruby>されました。","He stole money from the store and was arrested.","お<ruby>金<rt>かね</rt></ruby>を<ruby>盗み<rt>ぬすみ</rt></ruby>ます -- steal money;<br> <ruby>宝石<rt>ほーせき</rt></ruby>を<ruby>盗み<rt>ぬすみ</rt></ruby>ます -- steal jewelry"
"のこす","残す","to leave something remaining","<ruby>食べ<rt>たべ</rt></ruby>きれない<ruby>場合<rt>ばあい</rt></ruby>は、<ruby>少し<rt>すこし</rt></ruby><ruby>残し<rt>のこし</rt></ruby>ても<ruby>大丈夫<rt>だいじょーぶ</rt></ruby>ですよ。","If you can't finish it, it's okay to leave a little bit remaining.","<ruby>食べ物<rt>たべもの</rt></ruby>を<ruby>残し<rt>のこし</rt></ruby>ます -- leave food;<br> メッセージを<ruby>残し<rt>のこし</rt></ruby>ます -- leave a message"
"のりかえる","乗り換える","to change (trains)","<ruby>東京<rt>とーきょー</rt></ruby><ruby>駅<rt>えき</rt></ruby>で<ruby>新<rt>しん</rt></ruby><ruby>幹線<rt>かんせん</rt></ruby>に<ruby>乗り換える<rt>のりかえる</rt></ruby><ruby>必要<rt>ひつよー</rt></ruby>があります。","You need to change to the Shinkansen at Tokyo Station.","<ruby>電車<rt>でんしゃ</rt></ruby>を<ruby>乗り換え<rt>のりかえ</rt></ruby>ます -- change trains;<br> バスを<ruby>乗り換え<rt>のりかえ</rt></ruby>ます -- change buses"
"はこぶ","運ぶ","to carry, to transport","<ruby>重い<rt>おもい</rt></ruby><ruby>荷物<rt>にもつ</rt></ruby>を<ruby>運ぶ<rt>はこぶ</rt></ruby>のを<ruby>手伝い<rt>てつだい</rt></ruby>ましょうか。","Shall I help you carry the heavy luggage?","<ruby>荷物<rt>にもつ</rt></ruby>を<ruby>運び<rt>はこび</rt></ruby>ます -- carry luggage;<br> <ruby>家具<rt>かぐ</rt></ruby>を<ruby>運び<rt>はこび</rt></ruby>ます -- transport furniture"
"はじまる","始まる","to start","<ruby>会議<rt>かいぎ</rt></ruby>は<ruby>午前<rt>ごぜん</rt></ruby>１０<ruby>時<rt>じ</rt></ruby>に<ruby>始まる<rt>はじまる</rt></ruby><ruby>予定<rt>よてー</rt></ruby>です。","The meeting is scheduled to start at 10:00 AM.","<ruby>授業<rt>じゅぎょー</rt></ruby>が<ruby>始まり<rt>はじまり</rt></ruby>ます -- class starts;<br> <ruby>会議<rt>かいぎ</rt></ruby>が<ruby>始まり<rt>はじまり</rt></ruby>ます -- the meeting starts"
"はる","貼る","to attach, to stick","<ruby>壁<rt>かべ</rt></ruby>にポスターを<ruby>貼っ<rt>はっ</rt></ruby>てもいいですか。","Is it okay if I stick the poster on the wall?","<ruby>切手<rt>きって</rt></ruby>を<ruby>貼り<rt>はり</rt></ruby>ます -- stick a stamp;<br> ポスターを<ruby>貼り<rt>はり</rt></ruby>ます -- stick a poster"
"ひろう","拾う","to pick up","<ruby>道<rt>みち</rt></ruby>に<ruby>落ち<rt>おち</rt></ruby>ているゴミを<ruby>拾っ<rt>ひろっ</rt></ruby>て、<ruby>ゴミ箱<rt>ごみばこ</rt></ruby>に<ruby>捨て<rt>すて</rt></ruby>ました。","I picked up the trash that was lying on the road and threw it in the trash can.","ゴミを<ruby>拾い<rt>ひろい</rt></ruby>ます -- pick up trash;<br> <ruby>鍵<rt>かぎ</rt></ruby>を<ruby>拾い<rt>ひろい</rt></ruby>ます -- pick up a key"
"ふく","吹く","to blow","<ruby>今日<rt>きょー</rt></ruby>は<ruby>風<rt>かぜ</rt></ruby>が<ruby>強く<rt>つよく</rt></ruby><ruby>吹い<rt>ふい</rt></ruby>ていますね。","The wind is blowing strongly today, isn't it?","<ruby>風<rt>かぜ</rt></ruby>が<ruby>吹き<rt>ふき</rt></ruby>ます -- the wind blows;<br> <ruby>笛<rt>ふえ</rt></ruby>を<ruby>吹き<rt>ふき</rt></ruby>ます -- blow a whistle"
"へらす","減らす","to reduce","ダイエットのために、<ruby>毎日<rt>まいにち</rt></ruby><ruby>甘い<rt>あまい</rt></ruby>ものを<ruby>食べる<rt>たべる</rt></ruby><ruby>量<rt>りょー</rt></ruby>を<ruby>少し<rt>すこし</rt></ruby>ずつ<ruby>減らす<rt>へらす</rt></ruby>ようにしています。<ruby>健康<rt>けんこー</rt></ruby>のためにも、<ruby>無理<rt>むり</rt></ruby>なく<ruby>続け<rt>つずけ</rt></ruby>たいです。","I'm trying to gradually reduce the amount of sweets I eat every day for my diet. I want to continue doing this reasonably for my health.","<ruby>人数<rt>にんずー</rt></ruby>を<ruby>減らし<rt>へらし</rt></ruby>ます -- reduce the number of people;<br> <ruby>費用<rt>ひよー</rt></ruby>を<ruby>減らし<rt>へらし</rt></ruby>ます -- reduce expenses"
"まにあう","間に合う","to be on time, be sufficient","<ruby>電車<rt>でんしゃ</rt></ruby>が<ruby>遅れ<rt>おくれ</rt></ruby>たけど、タクシーに<ruby>乗っ<rt>のっ</rt></ruby>たおかげで、<ruby>会議<rt>かいぎ</rt></ruby>に<ruby>何<rt>なん</rt></ruby>とか<ruby>間に合う<rt>まにあう</rt></ruby>ことができました。<ruby>本当<rt>ほんとー</rt></ruby>に<ruby>安心<rt>あんしん</rt></ruby>しました。","The train was delayed, but thanks to taking a taxi, I managed to be on time for the meeting. I was truly relieved.","<ruby>電車<rt>でんしゃ</rt></ruby>に<ruby>間に合い<rt>まにあい</rt></ruby>ます -- be on time for the train;<br> <ruby>締め切り<rt>しめきり</rt></ruby>に<ruby>間に合い<rt>まにあい</rt></ruby>ます -- meet the deadline"
"もうしこむ","申し込む","to apply, to register","<ruby>来月<rt>らいげつ</rt></ruby><ruby>開催<rt>かいさい</rt></ruby>される<ruby>日本<rt>にっぽん</rt></ruby><ruby>語<rt>ご</rt></ruby><ruby>能力<rt>のーりょく</rt></ruby><ruby>試験<rt>しけん</rt></ruby>に、インターネットで<ruby>申し込む<rt>もーしこむ</rt></ruby>ことにしました。<ruby>合格<rt>ごーかく</rt></ruby>できるように<ruby>一生<rt>いっしょー</rt></ruby><ruby>懸命<rt>けんめー</rt></ruby><ruby>勉強<rt>べんきょー</rt></ruby>します。","I decided to apply online for the Japanese Language Proficiency Test that will be held next month. I will study hard so that I can pass.","<ruby>会議<rt>かいぎ</rt></ruby>に<ruby>申し込み<rt>もーしこみ</rt></ruby>ます -- apply for the meeting;<br> <ruby>講座<rt>こーざ</rt></ruby>に<ruby>申し込み<rt>もーしこみ</rt></ruby>ます -- register for the course"
"やくにたつ","役に立つ","to be useful","この<ruby>参考<rt>さんこー</rt></ruby><ruby>書<rt>しょ</rt></ruby>は、<ruby>日本<rt>にっぽん</rt></ruby><ruby>語<rt>ご</rt></ruby>の<ruby>勉強<rt>べんきょー</rt></ruby>にとても<ruby>役<rt>やく</rt></ruby>に<ruby>立つ<rt>たつ</rt></ruby>と<ruby>思い<rt>おもい</rt></ruby>ます。<ruby>特に<rt>とくに</rt></ruby><ruby>文法<rt>ぶんぽー</rt></ruby>の<ruby>説明<rt>せつめー</rt></ruby>がわかりやすいです。","I think this reference book is very useful for studying Japanese. Especially the grammar explanations are easy to understand.","この<ruby>本<rt>ほん</rt></ruby>は<ruby>役<rt>やく</rt></ruby>に<ruby>立ち<rt>たち</rt></ruby>ます -- this book is useful;<br> アドバイスは<ruby>役<rt>やく</rt></ruby>に<ruby>立ち<rt>たち</rt></ruby>ます -- the advice is useful"
"やる","","to do, to give","<ruby>私<rt>わたくし</rt></ruby>は<ruby>毎日<rt>まいにち</rt></ruby>、<ruby>犬<rt>いぬ</rt></ruby>の<ruby>散歩<rt>さんぽ</rt></ruby>をやります。<ruby>犬<rt>いぬ</rt></ruby>はとても<ruby>喜ん<rt>よろこん</rt></ruby>で、<ruby>私<rt>わたくし</rt></ruby>も<ruby>運動<rt>うんどー</rt></ruby>になるので、<ruby>良い<rt>よい</rt></ruby><ruby>習慣<rt>しゅーかん</rt></ruby>です。","I walk the dog every day. The dog is very happy, and it's good exercise for me too, so it's a good habit.","<ruby>宿題<rt>しゅくだい</rt></ruby>をやります -- do homework;<br> プレゼントをやります -- give a present"
"ゆるす","許す、赦す","to permit, to forgive","<ruby>彼<rt>かれ</rt></ruby>は<ruby>遅刻<rt>ちこく</rt></ruby>した<ruby>理由<rt>りゆー</rt></ruby>を<ruby>丁寧<rt>てーねー</rt></ruby>に<ruby>説明<rt>せつめー</rt></ruby>したので、<ruby>先生<rt>せんせー</rt></ruby>は<ruby>彼<rt>かれ</rt></ruby>を<ruby>許す<rt>ゆるす</rt></ruby>ことにしました。<ruby>次<rt>つぎ</rt></ruby>は<ruby>気<rt>き</rt></ruby>を<ruby>付け<rt>つけ</rt></ruby>てほしいです。","He explained the reason for his lateness politely, so the teacher decided to forgive him. I hope he will be careful next time.","<ruby>遅刻<rt>ちこく</rt></ruby>を<ruby>許し<rt>ゆるし</rt></ruby>ます -- permit lateness;<br> <ruby>過ち<rt>あやまち</rt></ruby>を<ruby>許し<rt>ゆるし</rt></ruby>ます -- forgive a mistake"
"よる","","to drop by","<ruby>仕事<rt>しごと</rt></ruby>が<ruby>終わっ<rt>おわっ</rt></ruby>た<ruby>後<rt>あと</rt></ruby>、<ruby>駅<rt>えき</rt></ruby>の<ruby>近く<rt>ちかく</rt></ruby>の<ruby>本屋<rt>ほんや</rt></ruby>に<ruby>寄っ<rt>よっ</rt></ruby>て、<ruby>新しい<rt>あたらしー</rt></ruby><ruby>小説<rt>しょーせつ</rt></ruby>を<ruby>買っ<rt>かっ</rt></ruby>て<ruby>帰ろう<rt>かえろー</rt></ruby>と<ruby>思っ<rt>おもっ</rt></ruby>ています。","After work, I'm thinking of dropping by the bookstore near the station and buying a new novel before going home.","<ruby>友達<rt>ともだち</rt></ruby>の<ruby>家<rt>いえ</rt></ruby>に<ruby>寄り<rt>より</rt></ruby>ます -- drop by a friend's house;<br> コンビニに<ruby>寄り<rt>より</rt></ruby>ます -- drop by a convenience store"
"よろこぶ","喜ぶ","to rejoice","<ruby>友達<rt>ともだち</rt></ruby>が<ruby>新しい<rt>あたらしー</rt></ruby><ruby>仕事<rt>しごと</rt></ruby>を<ruby>見つけ<rt>みつけ</rt></ruby>たことを<ruby>聞い<rt>きー</rt></ruby>て、<ruby>私<rt>わたくし</rt></ruby>はとても<ruby>喜び<rt>よろこび</rt></ruby>ました。<ruby>彼女<rt>かのじょ</rt></ruby>が<ruby>幸せ<rt>しあわせ</rt></ruby>そうで、<ruby>私<rt>わたくし</rt></ruby>も<ruby>嬉しい<rt>うれしー</rt></ruby>です。","I was very happy to hear that my friend found a new job. I'm happy that she seems happy, and I'm happy too.","<ruby>合格<rt>ごーかく</rt></ruby>を<ruby>喜び<rt>よろこび</rt></ruby>ます -- rejoice at passing;<br> <ruby>成功<rt>せーこー</rt></ruby>を<ruby>喜び<rt>よろこび</rt></ruby>ます -- rejoice at success"
"わかれる","別れる","to separate","<ruby>長い<rt>ながい</rt></ruby><ruby>間<rt>あいだ</rt></ruby><ruby>一緒<rt>いっしょ</rt></ruby>にいた<ruby>猫<rt>ねこ</rt></ruby>が<ruby>病気<rt>びょーき</rt></ruby>で<ruby>亡くなり<rt>なくなり</rt></ruby>、<ruby>家族<rt>かぞく</rt></ruby>みんなで<ruby>悲しみ<rt>かなしみ</rt></ruby>ながらお<ruby>別れ<rt>わかれ</rt></ruby>をしました。","Our cat, who had been with us for a long time, passed away from illness, and the whole family sadly said goodbye.","<ruby>友達<rt>ともだち</rt></ruby>と<ruby>別れ<rt>わかれ</rt></ruby>ます -- separate from friends;<br> <ruby>恋人<rt>こいびと</rt></ruby>と<ruby>別れ<rt>わかれ</rt></ruby>ます -- break up with a lover"
"わたる","渡る","to cross","あの<ruby>信号<rt>しんごー</rt></ruby>が<ruby>青<rt>あお</rt></ruby>になったら、<ruby>安全<rt>あんぜん</rt></ruby>に<ruby>道路<rt>どーろ</rt></ruby>を<ruby>渡る<rt>わたる</rt></ruby>ことができます。<ruby>車<rt>くるま</rt></ruby>に<ruby>注意<rt>ちゅーい</rt></ruby>してください。","When that traffic light turns green, you can safely cross the road. Please be careful of cars.","<ruby>橋<rt>はし</rt></ruby>を<ruby>渡り<rt>わたり</rt></ruby>ます -- cross the bridge;<br> <ruby>道<rt>みち</rt></ruby>を<ruby>渡り<rt>わたり</rt></ruby>ます -- cross the road"
